v -0.0684525 0.0949312 -0.0133
v -0.0691051 0.0949232 -0.0133
v -0.0697375 0.0950843 -0.0133
v -0.0703067 0.0954036 -0.0133
v -0.0707738 0.0958594 -0.0133
v -0.0711071 0.0964205 -0.0133
v -0.0712838 0.0970488 -0.0133
v -0.0712918 0.0977014 -0.0133
v -0.0711307 0.0983338 -0.0133
v -0.0708114 0.098903 -0.0133
v -0.0703556 0.0993701 -0.0133
v -0.0697945 0.0997034 -0.0133
v -0.0691662 0.09988 -0.0133
v -0.0685136 0.0998881 -0.0133
v -0.0678812 0.099727 -0.0133
v -0.067312 0.0994077 -0.0133
v -0.0668449 0.0989519 -0.0133
v -0.0665116 0.0983908 -0.0133
v -0.066335 0.0977625 -0.0133
v -0.0663269 0.0971099 -0.0133
v -0.066488 0.0964775 -0.0133
v -0.0668073 0.0959083 -0.0133
v -0.0672631 0.0954412 -0.0133
v -0.0678242 0.0951079 -0.0133
v -0.0688094 0.0974056 -0.0133
v -0.069209 0.100177 -0.0136
v -0.0684782 0.100186 -0.0136
v -0.0677698 0.100006 -0.0136
v -0.0671324 0.0996479 -0.0136
v -0.0666092 0.0991374 -0.0136
v -0.0662359 0.098509 -0.0136
v -0.066038 0.0978053 -0.0136
v -0.066029 0.0970744 -0.0136
v -0.0662095 0.0963661 -0.0136
v -0.0665671 0.0957286 -0.0136
v -0.0670775 0.0952054 -0.0136
v -0.067706 0.0948322 -0.0136
v -0.0684097 0.0946343 -0.0136
v -0.0691406 0.0946253 -0.0136
v -0.0698489 0.0948058 -0.0136
v -0.0704864 0.0951634 -0.0136
v -0.0710095 0.0956738 -0.0136
v -0.0713828 0.0963023 -0.0136
v -0.0715807 0.0970059 -0.0136
v -0.0715897 0.0977368 -0.0136
v -0.0714092 0.0984452 -0.0136
v -0.0710516 0.0990826 -0.0136
v -0.0705412 0.0996058 -0.0136
v -0.0699127 0.0999791 -0.0136
v -0.056638 0.0562038 -0.0136
v -0.0632082 0.0531296 -0.0136
v -0.0620693 0.0666942 -0.0136
v -0.0628984 0.0683245 -0.0136
v -0.0564446 0.0569627 -0.0136
v -0.0633551 0.0700955 -0.0136
v -0.0638815 0.0527296 -0.0136
v -0.0555145 0.0582063 -0.0136
v -0.060907 0.0652821 -0.0136
v -0.0497968 0.0568897 -0.0136
v -0.0496593 0.0558983 -0.0136
v -0.0506801 0.0554941 -0.0136
v -0.050706 0.0531508 -0.0136
v -0.0514684 0.0525021 -0.0136
v -0.0518035 0.0534916 -0.0136
v -0.0564163 0.0546668 -0.0136
v -0.0560164 0.0539934 -0.0136
v -0.0592687 0.0515544 -0.0136
v -0.0554558 0.0534465 -0.0136
v -0.0547728 0.0530633 -0.0136
v -0.0590567 0.0508005 -0.0136
v -0.0660701 0.10032 -0.0136
v -0.0752428 0.0964778 -0.0136
v -0.0548412 0.0586062 -0.0136
v -0.0752557 0.0975219 -0.0136
v -0.0506897 0.0562772 -0.0136
v -0.0508734 0.0547352 -0.0136
v -0.0497723 0.0549037 -0.0136
v -0.0501286 0.0539684 -0.0136
v -0.0512566 0.0540521 -0.0136
v -0.0524769 0.0530917 -0.0136
v -0.0596686 0.0522278 -0.0136
v -0.0602292 0.0527747 -0.0136
v -0.0609122 0.0531579 -0.0136
v -0.0566283 0.0554207 -0.0136
v -0.0596236 0.0485755 -0.0136
v -0.0592404 0.0492585 -0.0136
v -0.0540139 0.05287 -0.0136
v -0.0608438 0.047615 -0.0136
v -0.0601705 0.0480149 -0.0136
v -0.0598353 0.0470255 -0.0136
v -0.067606 0.10122 -0.0136
v -0.0667874 0.100857 -0.0136
v -0.0650766 0.0988433 -0.0136
v -0.0648503 0.0979766 -0.0136
v -0.0560614 0.0576457 -0.0136
v -0.0525452 0.0586345 -0.0136
v -0.0533042 0.0588279 -0.0136
v -0.0594666 0.064155 -0.0136
v -0.0532308 0.0528796 -0.0136
v -0.0590471 0.0500174 -0.0136
v -0.056659 0.0558489 -0.0136
v -0.0606117 0.0466307 -0.0136
v -0.061455 0.0464133 -0.0136
v -0.0615978 0.047403 -0.0136
v -0.0623809 0.0473933 -0.0136
v -0.0684851 0.101392 -0.0136
v -0.0654901 0.0996378 -0.0136
v -0.0645528 0.0959136 -0.0136
v -0.0684594 0.0494444 -0.0136
v -0.0644284 0.0521691 -0.0136
v -0.0540873 0.0588182 -0.0136
v -0.0749979 0.0985338 -0.0136
v -0.0515516 0.0592487 -0.0136
v -0.0507735 0.0586191 -0.0136
v -0.0513017 0.0577044 -0.0136
v -0.0509017 0.0570311 -0.0136
v -0.0639294 0.0460564 -0.0136
v -0.0638228 0.0479699 -0.0136
v -0.0631398 0.0475867 -0.0136
v -0.0668961 0.0468122 -0.0136
v -0.0676435 0.0475414 -0.0136
v -0.0647833 0.0491901 -0.0136
v -0.0681767 0.0484392 -0.0136
v -0.0649953 0.049944 -0.0136
v -0.064512 0.0953098 -0.0136
v -0.0518622 0.0582513 -0.0136
v -0.0501761 0.057816 -0.0136
v -0.0616711 0.0533512 -0.0136
v -0.0624542 0.0533416 -0.0136
v -0.0649735 0.0460435 -0.0136
v -0.0659854 0.0463013 -0.0136
v -0.0643833 0.0485168 -0.0136
v -0.0718547 0.101008 -0.0136
v -0.0693803 0.101365 -0.0136
v -0.0645627 0.0947068 -0.0136
v -0.0657008 0.0870337 -0.0136
v -0.0656151 0.0857657 -0.0136
v -0.0655943 0.0883001 -0.0136
v -0.0648116 0.0514861 -0.0136
v -0.0737578 0.100192 -0.0136
v -0.07286 0.100725 -0.0136
v -0.0650049 0.0507271 -0.0136
v -0.074487 0.0994445 -0.0136
v -0.0651746 0.0858292 -0.0135499
v -0.065105 0.0858393 -0.0135253
v -0.0647562 0.0858896 -0.0134019
v -0.0651549 0.0882294 -0.0135499
v -0.0646312 0.0859076 -0.0133226
v -0.0643809 0.0859437 -0.0131637
v -0.0647375 0.0881622 -0.0134019
v -0.0642241 0.0859663 -0.0130053
v -0.0640674 0.0859889 -0.012847
v -0.0643632 0.0881019 -0.0131637
v -0.0639101 0.0860116 -0.0125941
v -0.0638316 0.0860229 -0.0124678
v -0.0640505 0.0880516 -0.012847
v -0.0637095 0.0860405 -0.0121153
v -0.0636852 0.086044 -0.012045
v -0.0638153 0.0880137 -0.0124678
v -0.0636356 0.0860512 -0.0116
v -0.0637009 0.0870173 -0.0116
v -0.0636692 0.0879902 -0.012045
v -0.0636197 0.0879822 -0.0116
v -0.063751 0.0870177 -0.012045
v -0.0638989 0.0870189 -0.0124678
v -0.0641372 0.0870209 -0.012847
v -0.0644539 0.0870235 -0.0131637
v -0.0648331 0.0870266 -0.0134019
v -0.0652558 0.0870301 -0.0135499
v -0.0613755 0.070381 -0.0116
v -0.0614252 0.0703739 -0.012045
v -0.0614495 0.0703703 -0.0121153
v -0.0615716 0.0703527 -0.0124678
v -0.0618074 0.0703187 -0.012847
v -0.0616501 0.0703414 -0.0125941
v -0.0621208 0.0702735 -0.0131637
v -0.0619641 0.0702961 -0.0130053
v -0.0624962 0.0702194 -0.0134019
v -0.0623712 0.0702374 -0.0133226
v -0.062845 0.0701691 -0.0135253
v -0.0629146 0.070159 -0.0135499
v -0.0625881 0.0943888 -0.0116
v -0.0626376 0.0943968 -0.012045
v -0.0627837 0.0944203 -0.0124678
v -0.0630189 0.0944582 -0.012847
v -0.0633316 0.0945085 -0.0131637
v -0.063706 0.0945688 -0.0134019
v -0.0641233 0.094636 -0.0135499
v -0.0637009 0.0870173 -0.0092
v -0.0636356 0.0860512 -0.0092
v -0.0636197 0.0879822 -0.0092
v -0.0592322 0.0645332 -0.0135499
v -0.0590095 0.0648925 -0.0134019
v -0.0588097 0.0652149 -0.0131637
v -0.0586428 0.065484 -0.012847
v -0.0585173 0.0656865 -0.0124678
v -0.0584394 0.0658123 -0.012045
v -0.0584129 0.0658549 -0.0116
v -0.0595104 0.0667136 -0.0116
v -0.0603959 0.0677896 -0.0116
v -0.0610276 0.0690316 -0.0116
v -0.0610745 0.0690139 -0.012045
v -0.0612129 0.0689616 -0.0124678
v -0.0614358 0.0688774 -0.012847
v -0.061732 0.0687654 -0.0131637
v -0.0620867 0.0686313 -0.0134019
v -0.0624822 0.0684818 -0.0135499
v -0.0604379 0.0677621 -0.012045
v -0.0605617 0.0676811 -0.0124678
v -0.060761 0.0675506 -0.012847
v -0.061026 0.0673772 -0.0131637
v -0.0613433 0.0671695 -0.0134019
v -0.061697 0.066938 -0.0135499
v -0.0595454 0.0666777 -0.012045
v -0.0596487 0.0665719 -0.0124678
v -0.0598151 0.0664013 -0.012847
v -0.0600362 0.0661746 -0.0131637
v -0.0603011 0.0659032 -0.0134019
v -0.0605963 0.0656006 -0.0135499
v -0.0626229 0.096192 -0.012045
v -0.0625733 0.0961991 -0.0116
v -0.062512 0.0952934 -0.0116
v -0.0626472 0.0961885 -0.0121153
v -0.0627693 0.0961709 -0.0124678
v -0.0628478 0.0961595 -0.0125941
v -0.0630051 0.0961369 -0.012847
v -0.0631619 0.0961142 -0.0130053
v -0.0633186 0.0960916 -0.0131637
v -0.0635689 0.0960555 -0.0133226
v -0.0636939 0.0960375 -0.0134019
v -0.0640427 0.0959872 -0.0135253
v -0.0641123 0.0959772 -0.0135499
v -0.0640669 0.0953062 -0.0135499
v -0.0636442 0.0953027 -0.0134019
v -0.063265 0.0952996 -0.0131637
v -0.0629483 0.095297 -0.012847
v -0.0627101 0.095295 -0.0124678
v -0.0625622 0.0952938 -0.012045
v -0.0504979 0.0609487 -0.0116
v -0.0505243 0.060906 -0.012045
v -0.0506022 0.0607803 -0.0124678
v -0.0507278 0.0605778 -0.012847
v -0.0508946 0.0603086 -0.0131637
v -0.0510944 0.0599863 -0.0134019
v -0.0513171 0.059627 -0.0135499
v -0.0629383 0.0982524 -0.0121176
v -0.0628708 0.0982621 -0.0116
v -0.063136 0.0982239 -0.0126
v -0.0634506 0.0981785 -0.0130142
v -0.0638606 0.0981194 -0.0133321
v -0.064338 0.0980505 -0.0135319
v -0.0625881 0.0943888 -0.0091
v -0.062512 0.0952934 -0.0091
v -0.0625733 0.0961991 -0.0091
v -0.0630744 0.0913687 -0.0092
v -0.0629422 0.0921897 -0.0091
v -0.0628708 0.0982621 -0.0091
v -0.0696561 0.103277 -0.0121176
v -0.0696658 0.103344 -0.0116
v -0.0683229 0.103386 -0.0116
v -0.0681037 0.103343 -0.0116
v -0.0665954 0.102946 -0.0116
v -0.0670044 0.103128 -0.0116
v -0.0652384 0.10218 -0.0116
v -0.0657763 0.102583 -0.0116
v -0.0647004 0.101778 -0.0116
v -0.0641202 0.101095 -0.0116
v -0.0633134 0.0997603 -0.0116
v -0.0638305 0.100754 -0.0116
v -0.0632103 0.0995621 -0.0116
v -0.0696276 0.103079 -0.0126
v -0.0695822 0.102764 -0.0130142
v -0.0695231 0.102354 -0.0133321
v -0.0694542 0.101877 -0.0135319
v -0.0670249 0.103063 -0.0121176
v -0.0658108 0.102524 -0.0121176
v -0.0647471 0.101728 -0.0121176
v -0.0632739 0.0995376 -0.0121176
v -0.0650606 0.0999267 -0.0135319
v -0.0657156 0.100698 -0.0135319
v -0.0646603 0.100196 -0.0133321
v -0.0653852 0.101049 -0.0133321
v -0.0643166 0.100427 -0.0130142
v -0.0651016 0.101351 -0.0130142
v -0.0640529 0.100604 -0.0126
v -0.0648839 0.101583 -0.0126
v -0.0638871 0.100716 -0.0121176
v -0.0645936 0.0990293 -0.0135319
v -0.0641435 0.0992027 -0.0133321
v -0.0637569 0.0993516 -0.0130142
v -0.0634603 0.0994658 -0.0126
v -0.0659118 0.102351 -0.0126
v -0.0660725 0.102077 -0.0130142
v -0.0662819 0.10172 -0.0133321
v -0.0665257 0.101304 -0.0135319
v -0.067085 0.102872 -0.0126
v -0.0671806 0.102569 -0.0130142
v -0.0673052 0.102174 -0.0133321
v -0.0674503 0.101714 -0.0135319
v -0.0683284 0.103318 -0.0121176
v -0.0683446 0.103119 -0.0126
v -0.0683704 0.102802 -0.0130142
v -0.068404 0.102389 -0.0133321
v -0.0684431 0.101908 -0.0135319
v -0.0632948 0.0997699 -0.0091
v -0.0640947 0.101117 -0.0091
v -0.0652158 0.10221 -0.0091
v -0.0665818 0.102977 -0.0091
v -0.0680996 0.103364 -0.0091
v -0.0696658 0.103344 -0.0091
v -0.0721402 0.102987 -0.0116
v -0.0721305 0.10292 -0.0121176
v -0.072102 0.102722 -0.0126
v -0.0720566 0.102408 -0.0130142
v -0.0719975 0.101998 -0.0133321
v -0.0719286 0.10152 -0.0135319
v -0.0721402 0.102987 -0.0091
v -0.0771549 0.096202 -0.0121176
v -0.0772223 0.0961923 -0.0116
v -0.0772416 0.0977585 -0.0116
v -0.0768549 0.0992763 -0.0116
v -0.0760886 0.100642 -0.0116
v -0.0749948 0.101763 -0.0116
v -0.0736481 0.102563 -0.0116
v -0.0769571 0.0962305 -0.0126
v -0.0766425 0.0962759 -0.0130142
v -0.0762325 0.096335 -0.0133321
v -0.0757551 0.0964039 -0.0135319
v -0.0730639 0.101201 -0.0135319
v -0.073254 0.101644 -0.0133321
v -0.0734172 0.102025 -0.0130142
v -0.0735425 0.102317 -0.0126
v -0.0736212 0.102501 -0.0121176
v -0.0740779 0.100599 -0.0135319
v -0.0743763 0.100978 -0.0133321
v -0.0746325 0.101303 -0.0130142
v -0.074829 0.101553 -0.0126
v -0.0749526 0.10171 -0.0121176
v -0.0749015 0.0997545 -0.0135319
v -0.0752878 0.100043 -0.0133321
v -0.0756195 0.100291 -0.0130142
v -0.075874 0.100482 -0.0126
v -0.076034 0.100602 -0.0121176
v -0.0754785 0.098726 -0.0135319
v -0.0759264 0.0989051 -0.0133321
v -0.076311 0.0990588 -0.0130142
v -0.0766061 0.0991768 -0.0126
v -0.0767917 0.099251 -0.0121176
v -0.0757697 0.0975831 -0.0135319
v -0.0762487 0.0976402 -0.0133321
v -0.07666 0.0976892 -0.0130142
v -0.0769756 0.0977268 -0.0126
v -0.077174 0.0977504 -0.0121176
v -0.0717986 0.0901105 -0.0092
v -0.0719119 0.0908961 -0.0091
v -0.0705101 0.0811767 -0.0092
v -0.0630869 0.0822473 -0.0092
v -0.0629687 0.0814275 -0.00909096
v -0.0628585 0.0806637 -0.00877128
v -0.0703919 0.0803569 -0.00909096
v -0.0627639 0.0800077 -0.00826274
v -0.0702817 0.079593 -0.00877128
v -0.0626913 0.0795044 -0.0076
v -0.0701871 0.0789371 -0.00826274
v -0.0626457 0.079188 -0.00682822
v -0.0701145 0.0784338 -0.0076
v -0.0626301 0.07908 -0.006
v -0.0700689 0.0781174 -0.00682822
v -0.0700533 0.0780094 -0.006
v -0.0626301 0.07908 0.006
v -0.0700533 0.0780094 0.006
v -0.0626457 0.079188 0.00682822
v -0.0626913 0.0795044 0.0076
v -0.0700689 0.0781174 0.00682822
v -0.0627639 0.0800077 0.00826274
v -0.0701145 0.0784338 0.0076
v -0.0628585 0.0806637 0.00877128
v -0.0701871 0.0789371 0.00826274
v -0.0629687 0.0814275 0.00909096
v -0.0702817 0.079593 0.00877128
v -0.0630869 0.0822473 0.0092
v -0.0703919 0.0803569 0.00909096
v -0.0705101 0.0811767 0.0092
v -0.0493308 0.0600042 -0.0116
v -0.0484347 0.0587995 -0.0116
v -0.0478657 0.0574101 -0.0116
v -0.0476595 0.0559229 -0.0116
v -0.0478289 0.0544311 -0.0116
v -0.0483634 0.0530281 -0.0116
v -0.0492296 0.0518017 -0.0116
v -0.050373 0.0508287 -0.0116
v -0.050414 0.0508913 -0.0121153
v -0.0504005 0.0508707 -0.012045
v -0.050525 0.0510608 -0.0125941
v -0.0504815 0.0509944 -0.0124678
v -0.0506987 0.0513263 -0.0130053
v -0.050612 0.0511938 -0.012847
v -0.050924 0.0516704 -0.0133226
v -0.0507854 0.0514588 -0.0131637
v -0.0511861 0.0520709 -0.0135253
v -0.0509931 0.0517761 -0.0134019
v -0.0512246 0.0521298 -0.0135499
v -0.0503775 0.0528506 -0.0135499
v -0.0497358 0.0537591 -0.0135499
v -0.0493398 0.0547986 -0.0135499
v -0.0492143 0.0559038 -0.0135499
v -0.0493671 0.0570055 -0.0135499
v -0.0497886 0.0580348 -0.0135499
v -0.0504525 0.0589273 -0.0135499
v -0.0500654 0.0525654 -0.0134019
v -0.0493627 0.0535604 -0.0134019
v -0.0489291 0.0546987 -0.0134019
v -0.0487916 0.055909 -0.0134019
v -0.0489589 0.0571155 -0.0134019
v -0.0494205 0.0582427 -0.0134019
v -0.0501475 0.0592201 -0.0134019
v -0.0497855 0.0523096 -0.0131637
v -0.0490281 0.0533821 -0.0131637
v -0.0485606 0.0546091 -0.0131637
v -0.0484124 0.0559136 -0.0131637
v -0.0485928 0.0572142 -0.0131637
v -0.0490903 0.0584292 -0.0131637
v -0.049874 0.0594827 -0.0131637
v -0.0495517 0.052096 -0.012847
v -0.0487486 0.0532332 -0.012847
v -0.0482529 0.0545342 -0.012847
v -0.0480958 0.0559176 -0.012847
v -0.048287 0.0572966 -0.012847
v -0.0488146 0.058585 -0.012847
v -0.0496455 0.059702 -0.012847
v -0.0493758 0.0519353 -0.0124678
v -0.0485383 0.0531212 -0.0124678
v -0.0480214 0.0544779 -0.0124678
v -0.0478575 0.0559205 -0.0124678
v -0.0480569 0.0573586 -0.0124678
v -0.0486071 0.0587021 -0.0124678
v -0.0494736 0.059867 -0.0124678
v -0.0492666 0.0518355 -0.012045
v -0.0484077 0.0530517 -0.012045
v -0.0478777 0.054443 -0.012045
v -0.0477096 0.0559223 -0.012045
v -0.0479141 0.0573971 -0.012045
v -0.0484783 0.0587749 -0.012045
v -0.0493669 0.0599695 -0.012045
v -0.05874 0.0453521 -0.0116
v -0.0587675 0.045394 -0.012045
v -0.0587809 0.0454146 -0.0121153
v -0.0588485 0.0455178 -0.0124678
v -0.058979 0.0457172 -0.012847
v -0.0588919 0.0455842 -0.0125941
v -0.0590657 0.0458497 -0.0130053
v -0.0591524 0.0459821 -0.0131637
v -0.0592909 0.0461938 -0.0133226
v -0.0593601 0.0462994 -0.0134019
v -0.0595531 0.0465943 -0.0135253
v -0.0595916 0.0466531 -0.0135499
v -0.050373 0.0508287 -0.0056
v -0.0492296 0.0518017 -0.0056
v -0.0483634 0.0530281 -0.0056
v -0.0478289 0.0544311 -0.0056
v -0.0476595 0.0559229 -0.0056
v -0.0478657 0.0574101 -0.0056
v -0.0484347 0.0587995 -0.0056
v -0.0493308 0.0600042 -0.0056
v -0.0504979 0.0609487 -0.0056
v -0.0599045 0.0447599 -0.0116
v -0.0611695 0.0444337 -0.0116
v -0.0611802 0.0445077 -0.0121153
v -0.0611767 0.0444834 -0.012045
v -0.0612091 0.0447083 -0.0125941
v -0.0611978 0.0446298 -0.0124678
v -0.0612544 0.0450223 -0.0130053
v -0.0612318 0.0448656 -0.012847
v -0.0613131 0.0454294 -0.0133226
v -0.061277 0.045179 -0.0131637
v -0.0613814 0.0459032 -0.0135253
v -0.0613311 0.0455544 -0.0134019
v -0.0613915 0.0459728 -0.0135499
v -0.0600588 0.045168 -0.012847
v -0.0601707 0.0454643 -0.0131637
v -0.0604543 0.0462144 -0.0135499
v -0.0603048 0.045819 -0.0134019
v -0.0599745 0.0449451 -0.0124678
v -0.0599222 0.0448068 -0.012045
v -0.0636439 0.0440769 -0.0116
v -0.0636536 0.0441443 -0.0121176
v -0.0636822 0.0443421 -0.0126
v -0.0637275 0.0446566 -0.0130142
v -0.0637867 0.0450666 -0.0133321
v -0.0638555 0.045544 -0.0135319
v -0.0611695 0.0444337 -0.0055
v -0.0599045 0.0447599 -0.0055
v -0.05874 0.0453521 -0.0055
v -0.0555418 0.0474455 -0.0056
v -0.0555418 0.0474455 -0.0055
v -0.0581757 0.0657078 -0.0056
v -0.0584129 0.0658549 -0.00563097
v -0.0582778 0.0657711 -0.00555029
v -0.0581757 0.0657078 -0.00548933
v -0.0613755 0.070381 -0.00625
v -0.0610276 0.0690316 -0.00625
v -0.0603959 0.0677896 -0.00625
v -0.0602009 0.0675083 -0.00625
v -0.059662 0.0668666 -0.00616977
v -0.0595029 0.0667219 -0.0061117
v -0.0590136 0.0662767 -0.0059331
v -0.0516946 0.0573952 -0.0056
v -0.0521617 0.0578509 -0.0056
v -0.0511846 0.0562058 -0.0056
v -0.0511766 0.0555532 -0.0056
v -0.0513613 0.056834 -0.0056
v -0.0551563 0.0538469 -0.0056
v -0.0556235 0.0543027 -0.0056
v -0.0533633 0.0583314 -0.0056
v -0.055661 0.0573462 -0.0056
v -0.0552053 0.0578134 -0.0056
v -0.0561415 0.0561446 -0.0056
v -0.0559803 0.0567771 -0.0056
v -0.0561334 0.0554921 -0.0056
v -0.0559567 0.0548638 -0.0056
v -0.0526739 0.0535512 -0.0056
v -0.051657 0.0543516 -0.0056
v -0.0513377 0.0549208 -0.0056
v -0.0527309 0.0581702 -0.0056
v -0.0540159 0.0583233 -0.0056
v -0.0546441 0.0581466 -0.0056
v -0.0545872 0.0535276 -0.0056
v -0.0521128 0.0538845 -0.0056
v -0.0539547 0.0533665 -0.0056
v -0.0533021 0.0533745 -0.0056
v -0.0636439 0.0440769 -0.0055
v -0.0652101 0.0440575 -0.0116
v -0.0667279 0.0444442 -0.0116
v -0.068094 0.0452106 -0.0116
v -0.0692151 0.0463044 -0.0116
v -0.0700149 0.0476511 -0.0116
v -0.070439 0.0491589 -0.0116
v -0.0703715 0.0491687 -0.0121176
v -0.0701737 0.0491972 -0.0126
v -0.0698592 0.0492426 -0.0130142
v -0.0694492 0.0493017 -0.0133321
v -0.0689718 0.0493705 -0.0135319
v -0.0686525 0.0482352 -0.0135319
v -0.0690958 0.0480452 -0.0133321
v -0.0694765 0.0478819 -0.0130142
v -0.0697687 0.0477567 -0.0126
v -0.0699523 0.047678 -0.0121176
v -0.0680503 0.0472212 -0.0135319
v -0.0684293 0.0469229 -0.0133321
v -0.0687548 0.0466667 -0.0130142
v -0.0690045 0.0464701 -0.0126
v -0.0691615 0.0463466 -0.0121176
v -0.0672061 0.0463977 -0.0135319
v -0.067495 0.0460114 -0.0133321
v -0.0677431 0.0456797 -0.0130142
v -0.0679335 0.0454252 -0.0126
v -0.0680531 0.0452652 -0.0121176
v -0.0661776 0.0458207 -0.0135319
v -0.0663567 0.0453728 -0.0133321
v -0.0665105 0.0449882 -0.0130142
v -0.0666285 0.044693 -0.0126
v -0.0667026 0.0445075 -0.0121176
v -0.0650348 0.0455295 -0.0135319
v -0.0650918 0.0450505 -0.0133321
v -0.0651408 0.0446392 -0.0130142
v -0.0651784 0.0443236 -0.0126
v -0.065202 0.0441252 -0.0121176
v -0.0772223 0.0961923 0.0116
v -0.070439 0.0491589 0.0116
v -0.0624542 0.0533416 -0.0114
v -0.0632082 0.0531296 -0.0114
v -0.0638815 0.0527296 -0.0114
v -0.0644284 0.0521691 -0.0114
v -0.0648116 0.0514861 -0.0114
v -0.0650049 0.0507271 -0.0114
v -0.0649953 0.049944 -0.0114
v -0.0647833 0.0491901 -0.0114
v -0.0643833 0.0485168 -0.0114
v -0.0638228 0.0479699 -0.0114
v -0.0631398 0.0475867 -0.0114
v -0.062026 0.0473723 -0.0114
v -0.0623809 0.0473933 -0.0114
v -0.0615978 0.047403 -0.0114
v -0.0608438 0.047615 -0.0114
v -0.0601705 0.0480149 -0.0114
v -0.0596236 0.0485755 -0.0114
v -0.0592404 0.0492585 -0.0114
v -0.0590471 0.0500174 -0.0114
v -0.0590567 0.0508005 -0.0114
v -0.0592687 0.0515544 -0.0114
v -0.0596686 0.0522278 -0.0114
v -0.0602292 0.0527747 -0.0114
v -0.0609122 0.0531579 -0.0114
v -0.0616711 0.0533512 -0.0114
v -0.0533021 0.0533745 -0.0114
v -0.0539547 0.0533665 -0.0114
v -0.0545872 0.0535276 -0.0114
v -0.0551563 0.0538469 -0.0114
v -0.0556235 0.0543027 -0.0114
v -0.0559567 0.0548638 -0.0114
v -0.0561334 0.0554921 -0.0114
v -0.0561415 0.0561446 -0.0114
v -0.0559803 0.0567771 -0.0114
v -0.055661 0.0573462 -0.0114
v -0.0552053 0.0578134 -0.0114
v -0.0546441 0.0581466 -0.0114
v -0.0540159 0.0583233 -0.0114
v -0.0533633 0.0583314 -0.0114
v -0.0527309 0.0581702 -0.0114
v -0.0521617 0.0578509 -0.0114
v -0.0516946 0.0573952 -0.0114
v -0.0513613 0.056834 -0.0114
v -0.0511846 0.0562058 -0.0114
v -0.0511766 0.0555532 -0.0114
v -0.0513377 0.0549208 -0.0114
v -0.051657 0.0543516 -0.0114
v -0.0521128 0.0538845 -0.0114
v -0.0526739 0.0535512 -0.0114
v -0.053659 0.0528489 -0.0114
v -0.0540139 0.05287 -0.0114
v -0.0547728 0.0530633 -0.0114
v -0.0554558 0.0534465 -0.0114
v -0.0560164 0.0539934 -0.0114
v -0.0564163 0.0546668 -0.0114
v -0.0566283 0.0554207 -0.0114
v -0.056638 0.0562038 -0.0114
v -0.0564446 0.0569627 -0.0114
v -0.0560614 0.0576457 -0.0114
v -0.0555145 0.0582063 -0.0114
v -0.0548412 0.0586062 -0.0114
v -0.0540873 0.0588182 -0.0114
v -0.0533042 0.0588279 -0.0114
v -0.0525452 0.0586345 -0.0114
v -0.0518622 0.0582513 -0.0114
v -0.0513017 0.0577044 -0.0114
v -0.0509017 0.0570311 -0.0114
v -0.0506897 0.0562772 -0.0114
v -0.0506801 0.0554941 -0.0114
v -0.0508734 0.0547352 -0.0114
v -0.0512566 0.0540521 -0.0114
v -0.0518035 0.0534916 -0.0114
v -0.0524769 0.0530917 -0.0114
v -0.0532308 0.0528796 -0.0114
v -0.0626472 0.0480541 -0.0114
v -0.062026 0.0479723 -0.0114
v -0.0599475 0.0515723 -0.0114
v -0.0597078 0.0509935 -0.0114
v -0.060826 0.0482938 -0.0114
v -0.0614048 0.0480541 -0.0114
v -0.0637231 0.0486752 -0.0114
v -0.0641045 0.0491723 -0.0114
v -0.0637231 0.0520693 -0.0114
v -0.063226 0.0524507 -0.0114
v -0.0603289 0.0520693 -0.0114
v -0.059626 0.0503723 -0.0114
v -0.0597078 0.0497511 -0.0114
v -0.063226 0.0482938 -0.0114
v -0.064426 0.0503723 -0.0114
v -0.0643442 0.0509935 -0.0114
v -0.0626472 0.0526905 -0.0114
v -0.0614048 0.0526905 -0.0114
v -0.060826 0.0524507 -0.0114
v -0.0599475 0.0491723 -0.0114
v -0.0603289 0.0486752 -0.0114
v -0.0643442 0.0497511 -0.0114
v -0.0641045 0.0515723 -0.0114
v -0.062026 0.0527723 -0.0114
v -0.059726 0.0503723 -0.0115
v -0.0598044 0.0509676 -0.0115
v -0.0600341 0.0515223 -0.0115
v -0.0603997 0.0519986 -0.0115
v -0.060876 0.0523641 -0.0115
v -0.0614307 0.0525939 -0.0115
v -0.062026 0.0526723 -0.0115
v -0.0626213 0.0525939 -0.0115
v -0.063176 0.0523641 -0.0115
v -0.0636523 0.0519986 -0.0115
v -0.0640179 0.0515223 -0.0115
v -0.0642476 0.0509676 -0.0115
v -0.064326 0.0503723 -0.0115
v -0.0642476 0.049777 -0.0115
v -0.0640179 0.0492223 -0.0115
v -0.0636523 0.0487459 -0.0115
v -0.063176 0.0483804 -0.0115
v -0.0626213 0.0481507 -0.0115
v -0.062026 0.0480723 -0.0115
v -0.0614307 0.0481507 -0.0115
v -0.060876 0.0483804 -0.0115
v -0.0603997 0.0487459 -0.0115
v -0.0600341 0.0492223 -0.0115
v -0.0598044 0.049777 -0.0115
v -0.0623007 0.0531085 -0.0115
v -0.0629995 0.0529442 -0.0115
v -0.0608958 0.0528793 -0.0115
v -0.0615832 0.0530864 -0.0115
v -0.063632 0.0526046 -0.0115
v -0.0641551 0.0521128 -0.0115
v -0.064533 0.0515025 -0.0115
v -0.0642583 0.0487663 -0.0115
v -0.0637666 0.0482432 -0.0115
v -0.0631562 0.0478653 -0.0115
v -0.0624688 0.0476582 -0.0115
v -0.0602854 0.0525014 -0.0115
v -0.0647401 0.0508151 -0.0115
v -0.0617513 0.047636 -0.0115
v -0.0610524 0.0478004 -0.0115
v -0.06042 0.04814 -0.0115
v -0.0647622 0.0500976 -0.0115
v -0.0645979 0.0493987 -0.0115
v -0.0598969 0.0486317 -0.0115
v -0.059519 0.0492421 -0.0115
v -0.0593119 0.0499295 -0.0115
v -0.0592898 0.050647 -0.0115
v -0.0594541 0.0513458 -0.0115
v -0.0597937 0.0519783 -0.0115
v -0.059276 0.0503723 -0.0115
v -0.0593697 0.0496605 -0.0132
v -0.0595395 0.0492506 -0.0132
v -0.059276 0.0503723 -0.0132
v -0.0593339 0.0499323 -0.0132
v -0.0593697 0.051084 -0.0132
v -0.0593118 0.0506441 -0.0132
v -0.0596444 0.0517473 -0.0132
v -0.0594746 0.0513373 -0.0132
v -0.0600815 0.0523168 -0.0132
v -0.0598113 0.0519648 -0.0132
v -0.060651 0.0527539 -0.0132
v -0.060299 0.0524837 -0.0132
v -0.0613142 0.0530286 -0.0132
v -0.0609043 0.0528588 -0.0132
v -0.062026 0.0531223 -0.0132
v -0.0615861 0.0530644 -0.0132
v -0.0627377 0.0530286 -0.0132
v -0.0622978 0.0530865 -0.0132
v -0.063401 0.0527539 -0.0132
v -0.062991 0.0529237 -0.0132
v -0.0639705 0.0523168 -0.0132
v -0.0636185 0.052587 -0.0132
v -0.0644076 0.0517473 -0.0132
v -0.0641374 0.0520993 -0.0132
v -0.0646823 0.051084 -0.0132
v -0.0645125 0.051494 -0.0132
v -0.064776 0.0503723 -0.0132
v -0.0647181 0.0508122 -0.0132
v -0.0646823 0.0496605 -0.0132
v -0.0647402 0.0501005 -0.0132
v -0.0644076 0.0489973 -0.0132
v -0.0645774 0.0494072 -0.0132
v -0.0639705 0.0484277 -0.0132
v -0.0642407 0.0487798 -0.0132
v -0.063401 0.0479907 -0.0132
v -0.063753 0.0482608 -0.0132
v -0.0627377 0.047716 -0.0132
v -0.0631477 0.0478858 -0.0132
v -0.062026 0.0476223 -0.0132
v -0.0624659 0.0476802 -0.0132
v -0.0613142 0.047716 -0.0132
v -0.0617542 0.0476581 -0.0132
v -0.060651 0.0479907 -0.0132
v -0.061061 0.0478209 -0.0132
v -0.0600815 0.0484277 -0.0132
v -0.0604335 0.0481576 -0.0132
v -0.0596444 0.0489973 -0.0132
v -0.0599146 0.0486453 -0.0132
v -0.064476 0.0503723 -0.0135
v -0.0643925 0.0510064 -0.0135
v -0.0641478 0.0515973 -0.0135
v -0.0637584 0.0521047 -0.0135
v -0.063251 0.052494 -0.0135
v -0.0626601 0.0527388 -0.0135
v -0.062026 0.0528223 -0.0135
v -0.0613919 0.0527388 -0.0135
v -0.060801 0.052494 -0.0135
v -0.0602936 0.0521047 -0.0135
v -0.0599042 0.0515973 -0.0135
v -0.0596595 0.0510064 -0.0135
v -0.059576 0.0503723 -0.0135
v -0.0596595 0.0497382 -0.0135
v -0.0599042 0.0491473 -0.0135
v -0.0602936 0.0486399 -0.0135
v -0.060801 0.0482505 -0.0135
v -0.0613919 0.0480058 -0.0135
v -0.062026 0.0479223 -0.0135
v -0.0626601 0.0480058 -0.0135
v -0.063251 0.0482505 -0.0135
v -0.0637584 0.0486399 -0.0135
v -0.0641478 0.0491473 -0.0135
v -0.0643925 0.0497382 -0.0135
v -0.0646724 0.0510814 -0.0132776
v -0.0643987 0.0517422 -0.0132776
v -0.0639633 0.0523096 -0.0132776
v -0.0633959 0.052745 -0.0132776
v -0.0627351 0.0530187 -0.0132776
v -0.062026 0.0531121 -0.0132776
v -0.0613169 0.0530187 -0.0132776
v -0.0606561 0.052745 -0.0132776
v -0.0600887 0.0523096 -0.0132776
v -0.0596533 0.0517422 -0.0132776
v -0.0593796 0.0510814 -0.0132776
v -0.0592862 0.0503723 -0.0132776
v -0.0593796 0.0496632 -0.0132776
v -0.0596533 0.0490024 -0.0132776
v -0.0600887 0.048435 -0.0132776
v -0.0606561 0.0479996 -0.0132776
v -0.0613169 0.0477259 -0.0132776
v -0.062026 0.0476325 -0.0132776
v -0.0627351 0.0477259 -0.0132776
v -0.0633959 0.0479996 -0.0132776
v -0.0639633 0.048435 -0.0132776
v -0.0643987 0.0490024 -0.0132776
v -0.0646724 0.0496632 -0.0132776
v -0.0647658 0.0503723 -0.0132776
v -0.0645536 0.0503723 -0.0134898
v -0.0644675 0.0497181 -0.0134898
v -0.064626 0.0503723 -0.0134598
v -0.0645374 0.0496994 -0.0134598
v -0.0646881 0.0503723 -0.0134121
v -0.0645974 0.0496833 -0.0134121
v -0.0647358 0.0503723 -0.01335
v -0.0646435 0.0496709 -0.01335
v -0.064215 0.0491085 -0.0134898
v -0.0642777 0.0490723 -0.0134598
v -0.0643315 0.0490412 -0.0134121
v -0.0643728 0.0490174 -0.01335
v -0.0638133 0.048585 -0.0134898
v -0.0638645 0.0485338 -0.0134598
v -0.0639084 0.0484899 -0.0134121
v -0.0639421 0.0484562 -0.01335
v -0.0632898 0.0481833 -0.0134898
v -0.063326 0.0481206 -0.0134598
v -0.0633571 0.0480668 -0.0134121
v -0.0633809 0.0480255 -0.01335
v -0.0626802 0.0479308 -0.0134898
v -0.0626989 0.0478609 -0.0134598
v -0.062715 0.0478009 -0.0134121
v -0.0627273 0.0477548 -0.01335
v -0.062026 0.0478446 -0.0134898
v -0.062026 0.0477723 -0.0134598
v -0.062026 0.0477102 -0.0134121
v -0.062026 0.0476625 -0.01335
v -0.0613718 0.0479308 -0.0134898
v -0.0613531 0.0478609 -0.0134598
v -0.061337 0.0478009 -0.0134121
v -0.0613246 0.0477548 -0.01335
v -0.0607622 0.0481833 -0.0134898
v -0.060726 0.0481206 -0.0134598
v -0.0606949 0.0480668 -0.0134121
v -0.0606711 0.0480255 -0.01335
v -0.0602387 0.048585 -0.0134898
v -0.0601875 0.0485338 -0.0134598
v -0.0601436 0.0484899 -0.0134121
v -0.0601099 0.0484562 -0.01335
v -0.059837 0.0491085 -0.0134898
v -0.0597743 0.0490723 -0.0134598
v -0.0597205 0.0490412 -0.0134121
v -0.0596792 0.0490174 -0.01335
v -0.0595845 0.0497181 -0.0134898
v -0.0595146 0.0496994 -0.0134598
v -0.0594546 0.0496833 -0.0134121
v -0.0594085 0.0496709 -0.01335
v -0.0594984 0.0503723 -0.0134898
v -0.059426 0.0503723 -0.0134598
v -0.0593639 0.0503723 -0.0134121
v -0.0593162 0.0503723 -0.01335
v -0.0595845 0.0510265 -0.0134898
v -0.0595146 0.0510452 -0.0134598
v -0.0594546 0.0510613 -0.0134121
v -0.0594085 0.0510736 -0.01335
v -0.059837 0.0516361 -0.0134898
v -0.0597743 0.0516723 -0.0134598
v -0.0597205 0.0517034 -0.0134121
v -0.0596792 0.0517272 -0.01335
v -0.0602387 0.0521596 -0.0134898
v -0.0601875 0.0522108 -0.0134598
v -0.0601436 0.0522547 -0.0134121
v -0.0601099 0.0522884 -0.01335
v -0.0607622 0.0525613 -0.0134898
v -0.060726 0.052624 -0.0134598
v -0.0606949 0.0526778 -0.0134121
v -0.0606711 0.052719 -0.01335
v -0.0613718 0.0528138 -0.0134898
v -0.0613531 0.0528837 -0.0134598
v -0.061337 0.0529437 -0.0134121
v -0.0613246 0.0529898 -0.01335
v -0.062026 0.0528999 -0.0134898
v -0.062026 0.0529723 -0.0134598
v -0.062026 0.0530344 -0.0134121
v -0.062026 0.0530821 -0.01335
v -0.0626802 0.0528138 -0.0134898
v -0.0626989 0.0528837 -0.0134598
v -0.062715 0.0529437 -0.0134121
v -0.0627273 0.0529898 -0.01335
v -0.0632898 0.0525613 -0.0134898
v -0.063326 0.052624 -0.0134598
v -0.0633571 0.0526778 -0.0134121
v -0.0633809 0.052719 -0.01335
v -0.0638133 0.0521596 -0.0134898
v -0.0638645 0.0522108 -0.0134598
v -0.0639084 0.0522547 -0.0134121
v -0.0639421 0.0522884 -0.01335
v -0.064215 0.0516361 -0.0134898
v -0.0642777 0.0516723 -0.0134598
v -0.0643315 0.0517034 -0.0134121
v -0.0643728 0.0517272 -0.01335
v -0.0644675 0.0510265 -0.0134898
v -0.0645374 0.0510452 -0.0134598
v -0.0645974 0.0510613 -0.0134121
v -0.0646435 0.0510736 -0.01335
v -0.0580598 0.0649042 -0.00443843
v -0.0581142 0.0652815 -0.00504517
v -0.0709811 0.0634258 -0.00504517
v -0.058026 0.0646699 -0.00376207
v -0.0709266 0.0630485 -0.00443843
v -0.0580145 0.0645905 -0.00305
v -0.0708929 0.0628142 -0.00376207
v -0.0710534 0.0639273 -0.00555186
v -0.07114 0.0645278 -0.0059331
v -0.0712366 0.0651973 -0.00616977
v -0.0713382 0.065902 -0.00625
v -0.0708814 0.0627348 -0.00305
v -0.0719948 0.0704549 -0.00625
v -0.0616024 0.0719538 -0.00625
v -0.0580145 0.0645905 0.00305
v -0.0708814 0.0627348 0.00305
v -0.0620436 0.0750131 -0.00387822
v -0.0620592 0.075121 -0.00305
v -0.0724516 0.0736222 -0.00305
v -0.061998 0.0746967 -0.00465
v -0.0724361 0.0735142 -0.00387822
v -0.0619254 0.0741933 -0.00531274
v -0.0723904 0.0731978 -0.00465
v -0.0618308 0.0735374 -0.00582128
v -0.0723178 0.0726945 -0.00531274
v -0.0617206 0.0727735 -0.00614096
v -0.0722232 0.0720385 -0.00582128
v -0.0721131 0.0712747 -0.00614096
v -0.0620592 0.075121 0.00305
v -0.0724516 0.0736222 0.00305
v -0.0721131 0.0712747 0.00614096
v -0.0723904 0.0731978 0.00465
v -0.0723178 0.0726945 0.00531274
v -0.0709811 0.0634258 0.00504517
v -0.0709266 0.0630485 0.00443843
v -0.07114 0.0645278 0.0059331
v -0.0710534 0.0639273 0.00555186
v -0.0722232 0.0720385 0.00582128
v -0.0719948 0.0704549 0.00625
v -0.0724361 0.0735142 0.00387822
v -0.0712366 0.0651973 0.00616977
v -0.0713382 0.065902 0.00625
v -0.0708929 0.0628142 0.00376207
v -0.0617206 0.0727735 0.00614096
v -0.0616024 0.0719538 0.00625
v -0.0618308 0.0735374 0.00582128
v -0.0619254 0.0741933 0.00531274
v -0.061998 0.0746967 0.00465
v -0.0620436 0.0750131 0.00387822
v -0.0613755 0.070381 0.00625
v -0.0610276 0.0690316 0.00625
v -0.0603959 0.0677896 0.00625
v -0.0602009 0.0675083 0.00625
v -0.058026 0.0646699 0.00376207
v -0.0580598 0.0649042 0.00443843
v -0.0581142 0.0652815 0.00504517
v -0.059662 0.0668666 0.00616977
v -0.0595029 0.0667219 0.0061117
v -0.0590136 0.0662767 0.0059331
v -0.0584129 0.0658549 0.00563097
v -0.0582778 0.0657711 0.00555029
v -0.0581757 0.0657078 0.00548933
v -0.0595104 0.0667136 0.0116
v -0.0584129 0.0658549 0.0116
v -0.0603959 0.0677896 0.0116
v -0.0610276 0.0690316 0.0116
v -0.0613755 0.070381 0.0116
v -0.0636356 0.0860512 0.0116
v -0.0636356 0.0860512 0.0092
v -0.0637009 0.0870173 0.0092
v -0.0717986 0.0901105 0.0092
v -0.0630744 0.0913687 0.0092
v -0.0636197 0.0879822 0.0092
v -0.0637009 0.0870173 0.0116
v -0.0636197 0.0879822 0.0116
v -0.0719119 0.0908961 0.0091
v -0.0629422 0.0921897 0.0091
v -0.0636852 0.086044 0.012045
v -0.061443 0.0703713 0.0121176
v -0.0638316 0.0860229 0.0124678
v -0.0615843 0.0703509 0.0124624
v -0.0616407 0.0703428 0.0126
v -0.0640674 0.0859889 0.012847
v -0.0618206 0.0703168 0.0128368
v -0.0643809 0.0859437 0.0131637
v -0.0619553 0.0702974 0.0130142
v -0.0621309 0.0702721 0.0131504
v -0.0647562 0.0858896 0.0134019
v -0.0623653 0.0702383 0.0133321
v -0.0625015 0.0702186 0.013389
v -0.0629156 0.0701589 0.0135416
v -0.0628427 0.0701694 0.0135319
v -0.0651746 0.0858292 0.0135499
v -0.0656151 0.0857657 0.0136
v -0.0633551 0.0700955 0.0136
v -0.0614334 0.0703727 0.0120439
v -0.0636935 0.0879941 0.0121153
v -0.0636692 0.0879902 0.012045
v -0.0638936 0.0880263 0.0125941
v -0.0638153 0.0880137 0.0124678
v -0.0642068 0.0880767 0.0130053
v -0.0640505 0.0880516 0.012847
v -0.0646129 0.0881421 0.0133226
v -0.0643632 0.0881019 0.0131637
v -0.0650855 0.0882182 0.0135253
v -0.0647375 0.0881622 0.0134019
v -0.0657008 0.0870337 0.0136
v -0.0651549 0.0882294 0.0135499
v -0.0655943 0.0883001 0.0136
v -0.0652558 0.0870301 0.0135499
v -0.0648331 0.0870266 0.0134019
v -0.0644539 0.0870235 0.0131637
v -0.0641372 0.0870209 0.012847
v -0.0638989 0.0870189 0.0124678
v -0.063751 0.0870177 0.012045
v -0.0625881 0.0943888 0.0116
v -0.0625881 0.0943888 0.0091
v -0.0626554 0.0943997 0.0121176
v -0.0628527 0.0944314 0.0126
v -0.0631665 0.094482 0.0130142
v -0.0635754 0.0945478 0.0133321
v -0.0640516 0.0946245 0.0135319
v -0.0645627 0.0947068 0.0136
v -0.062512 0.0952934 0.0091
v -0.062512 0.0952934 0.0116
v -0.0625733 0.0961991 0.0091
v -0.0625733 0.0961991 0.0116
v -0.0584437 0.0658052 0.0120439
v -0.0584488 0.065797 0.0121176
v -0.0585241 0.0656756 0.0124624
v -0.0585541 0.0656271 0.0126
v -0.0586498 0.0654727 0.0128368
v -0.0587216 0.065357 0.0130142
v -0.058815 0.0652062 0.0131504
v -0.0589398 0.0650049 0.0133321
v -0.0590123 0.064888 0.013389
v -0.0591939 0.0645949 0.0135319
v -0.060907 0.0652821 0.0136
v -0.0592327 0.0645323 0.0135416
v -0.0594666 0.064155 0.0136
v -0.0620693 0.0666942 0.0136
v -0.0628984 0.0683245 0.0136
v -0.0624142 0.0685075 0.0135319
v -0.0605456 0.0656526 0.0135319
v -0.061963 0.0686781 0.0133321
v -0.0602087 0.0659979 0.0133321
v -0.0615756 0.0688245 0.0130142
v -0.0599195 0.0662943 0.0130142
v -0.0612783 0.0689369 0.0126
v -0.0596975 0.0665218 0.0126
v -0.0610914 0.0690075 0.0121176
v -0.0616362 0.0669777 0.0135319
v -0.0612326 0.0672419 0.0133321
v -0.0608861 0.0674687 0.0130142
v -0.0606201 0.0676428 0.0126
v -0.060453 0.0677522 0.0121176
v -0.059558 0.0666649 0.0121176
v -0.0640404 0.0959875 0.0135319
v -0.0645528 0.0959136 0.0136
v -0.064512 0.0953098 0.0136
v -0.063563 0.0960564 0.0133321
v -0.0631531 0.0961155 0.0130142
v -0.0628385 0.0961609 0.0126
v -0.0626407 0.0961894 0.0121176
v -0.0625802 0.095294 0.0121176
v -0.06278 0.0952956 0.0126
v -0.0630978 0.0952982 0.0130142
v -0.063512 0.0953016 0.0133321
v -0.0639943 0.0953056 0.0135319
v -0.0628708 0.0982621 0.0091
v -0.0628708 0.0982621 0.0116
v -0.0504979 0.0609487 0.0116
v -0.0505338 0.0608907 0.0121176
v -0.050609 0.0607693 0.0124624
v -0.0507348 0.0605665 0.0128368
v -0.0506391 0.0607209 0.0126
v -0.0508065 0.0604508 0.0130142
v -0.0509 0.0602999 0.0131504
v -0.0510247 0.0600987 0.0133321
v -0.0510972 0.0599818 0.013389
v -0.0513177 0.0596261 0.0135416
v -0.0512789 0.0596887 0.0135319
v -0.0515516 0.0592487 0.0136
v -0.0505287 0.060899 0.0120439
v -0.0629383 0.0982524 0.0121176
v -0.063136 0.0982239 0.0126
v -0.0634506 0.0981785 0.0130142
v -0.0638606 0.0981194 0.0133321
v -0.064338 0.0980505 0.0135319
v -0.0648503 0.0979766 0.0136
v -0.0632948 0.0997699 0.0091
v -0.0632103 0.0995621 0.0116
v -0.0633134 0.0997603 0.0116
v -0.0640947 0.101117 0.0091
v -0.0638305 0.100754 0.0116
v -0.0641202 0.101095 0.0116
v -0.0652158 0.10221 0.0091
v -0.0647004 0.101778 0.0116
v -0.0652384 0.10218 0.0116
v -0.0657763 0.102583 0.0116
v -0.0665818 0.102977 0.0091
v -0.0665954 0.102946 0.0116
v -0.0670044 0.103128 0.0116
v -0.0680996 0.103364 0.0091
v -0.0681037 0.103343 0.0116
v -0.0683229 0.103386 0.0116
v -0.0696658 0.103344 0.0091
v -0.0696658 0.103344 0.0116
v -0.0721402 0.102987 0.0091
v -0.0721402 0.102987 0.0116
v -0.0694542 0.101877 0.0135319
v -0.0693803 0.101365 0.0136
v -0.0684851 0.101392 0.0136
v -0.067606 0.10122 0.0136
v -0.0667874 0.100857 0.0136
v -0.0660701 0.10032 0.0136
v -0.0654901 0.0996378 0.0136
v -0.0650766 0.0988433 0.0136
v -0.0695231 0.102354 0.0133321
v -0.0695822 0.102764 0.0130142
v -0.0696276 0.103079 0.0126
v -0.0696561 0.103277 0.0121176
v -0.0645936 0.0990293 0.0135319
v -0.0641435 0.0992027 0.0133321
v -0.0637569 0.0993516 0.0130142
v -0.0634603 0.0994658 0.0126
v -0.0632739 0.0995376 0.0121176
v -0.0638871 0.100716 0.0121176
v -0.0647471 0.101728 0.0121176
v -0.0658108 0.102524 0.0121176
v -0.0670249 0.103063 0.0121176
v -0.0683284 0.103318 0.0121176
v -0.0640529 0.100604 0.0126
v -0.0648839 0.101583 0.0126
v -0.0659118 0.102351 0.0126
v -0.067085 0.102872 0.0126
v -0.0683446 0.103119 0.0126
v -0.0643166 0.100427 0.0130142
v -0.0651016 0.101351 0.0130142
v -0.0660725 0.102077 0.0130142
v -0.0671806 0.102569 0.0130142
v -0.0683704 0.102802 0.0130142
v -0.0646603 0.100196 0.0133321
v -0.0653852 0.101049 0.0133321
v -0.0662819 0.10172 0.0133321
v -0.0673052 0.102174 0.0133321
v -0.068404 0.102389 0.0133321
v -0.0650606 0.0999267 0.0135319
v -0.0657156 0.100698 0.0135319
v -0.0665257 0.101304 0.0135319
v -0.0674503 0.101714 0.0135319
v -0.0684431 0.101908 0.0135319
v -0.0721331 0.102938 0.012045
v -0.072112 0.102791 0.0124678
v -0.0721296 0.102913 0.0121153
v -0.072078 0.102555 0.012847
v -0.0721006 0.102713 0.0125941
v -0.0720327 0.102242 0.0131637
v -0.0720553 0.102399 0.0130053
v -0.0719786 0.101867 0.0134019
v -0.0719966 0.101992 0.0133226
v -0.0719183 0.101448 0.0135499
v -0.0719283 0.101518 0.0135253
v -0.0718547 0.101008 0.0136
v -0.0756833 0.0964143 0.0135499
v -0.0752428 0.0964778 0.0136
v -0.0752557 0.0975219 0.0136
v -0.0749979 0.0985338 0.0136
v -0.074487 0.0994445 0.0136
v -0.0737578 0.100192 0.0136
v -0.07286 0.100725 0.0136
v -0.0757528 0.0964042 0.0135253
v -0.0761017 0.0963539 0.0134019
v -0.0762267 0.0963359 0.0133226
v -0.076477 0.0962998 0.0131637
v -0.0766337 0.0962772 0.0130053
v -0.0767904 0.0962546 0.012847
v -0.0769477 0.0962319 0.0125941
v -0.0770263 0.0962206 0.0124678
v -0.0771483 0.096203 0.0121153
v -0.0771727 0.0961994 0.012045
v -0.0772416 0.0977585 0.0116
v -0.0768549 0.0992763 0.0116
v -0.0760886 0.100642 0.0116
v -0.0749948 0.101763 0.0116
v -0.0736481 0.102563 0.0116
v -0.0771918 0.0977526 0.012045
v -0.0736283 0.102517 0.012045
v -0.07357 0.102381 0.0124678
v -0.077045 0.0977351 0.0124678
v -0.0734761 0.102162 0.012847
v -0.0768084 0.0977069 0.012847
v -0.0733513 0.101871 0.0131637
v -0.0764939 0.0976694 0.0131637
v -0.0732019 0.101523 0.0134019
v -0.0749637 0.101724 0.012045
v -0.0748723 0.101608 0.0124678
v -0.0747249 0.101421 0.012847
v -0.074529 0.101172 0.0131637
v -0.0742945 0.100874 0.0134019
v -0.0760484 0.100612 0.012045
v -0.07593 0.100524 0.0124678
v -0.0757392 0.100381 0.012847
v -0.0754855 0.100191 0.0131637
v -0.0751819 0.0999642 0.0134019
v -0.0768084 0.0992577 0.012045
v -0.076671 0.0992028 0.0124678
v -0.0764498 0.0991143 0.012847
v -0.0761557 0.0989968 0.0131637
v -0.0758036 0.098856 0.0134019
v -0.0761173 0.0976246 0.0134019
v -0.0730353 0.101134 0.0135499
v -0.074033 0.100542 0.0135499
v -0.0748434 0.099711 0.0135499
v -0.0754111 0.098699 0.0135499
v -0.0756976 0.0975746 0.0135499
v -0.0736481 0.102563 -0.0091
v -0.0736481 0.102563 0.0091
v -0.0749948 0.101763 0.0091
v -0.0752801 0.101524 -0.0091
v -0.0752801 0.101524 0.0091
v -0.0749948 0.101763 -0.0091
v -0.0703715 0.0491687 0.0121176
v -0.0701737 0.0491972 0.0126
v -0.0698592 0.0492426 0.0130142
v -0.0694492 0.0493017 0.0133321
v -0.0689718 0.0493705 0.0135319
v -0.0684594 0.0494444 0.0136
v -0.0638555 0.045544 0.0135319
v -0.0639294 0.0460564 0.0136
v -0.0649735 0.0460435 0.0136
v -0.0659854 0.0463013 0.0136
v -0.0668961 0.0468122 0.0136
v -0.0676435 0.0475414 0.0136
v -0.0681767 0.0484392 0.0136
v -0.0637867 0.0450666 0.0133321
v -0.0637275 0.0446566 0.0130142
v -0.0636822 0.0443421 0.0126
v -0.0636536 0.0441443 0.0121176
v -0.0636439 0.0440769 0.0116
v -0.0652101 0.0440575 0.0116
v -0.0667279 0.0444442 0.0116
v -0.068094 0.0452106 0.0116
v -0.0692151 0.0463044 0.0116
v -0.0700149 0.0476511 0.0116
v -0.0699523 0.047678 0.0121176
v -0.0697687 0.0477567 0.0126
v -0.0694765 0.0478819 0.0130142
v -0.0690958 0.0480452 0.0133321
v -0.0686525 0.0482352 0.0135319
v -0.0691615 0.0463466 0.0121176
v -0.0690045 0.0464701 0.0126
v -0.0687548 0.0466667 0.0130142
v -0.0684293 0.0469229 0.0133321
v -0.0680503 0.0472212 0.0135319
v -0.0680531 0.0452652 0.0121176
v -0.0679335 0.0454252 0.0126
v -0.0677431 0.0456797 0.0130142
v -0.067495 0.0460114 0.0133321
v -0.0672061 0.0463977 0.0135319
v -0.0667026 0.0445075 0.0121176
v -0.0666285 0.044693 0.0126
v -0.0665105 0.0449882 0.0130142
v -0.0663567 0.0453728 0.0133321
v -0.0661776 0.0458207 0.0135319
v -0.065202 0.0441252 0.0121176
v -0.0651784 0.0443236 0.0126
v -0.0651408 0.0446392 0.0130142
v -0.0650918 0.0450505 0.0133321
v -0.0650348 0.0455295 0.0135319
v -0.0749668 0.101569 0.0091
v -0.0749668 0.101569 -0.0091
v -0.0581757 0.0657078 0.0056
v -0.0504979 0.0609487 0.0056
v -0.050373 0.0508287 0.0116
v -0.050373 0.0508287 0.0056
v -0.0492296 0.0518017 0.0056
v -0.0492296 0.0518017 0.0116
v -0.0483634 0.0530281 0.0056
v -0.0483634 0.0530281 0.0116
v -0.0478289 0.0544311 0.0056
v -0.0478289 0.0544311 0.0116
v -0.0476595 0.0559229 0.0056
v -0.0476595 0.0559229 0.0116
v -0.0478657 0.0574101 0.0056
v -0.0478657 0.0574101 0.0116
v -0.0484347 0.0587995 0.0056
v -0.0484347 0.0587995 0.0116
v -0.0493308 0.0600042 0.0056
v -0.0493308 0.0600042 0.0116
v -0.0516946 0.0573952 0.0056
v -0.0513613 0.056834 0.0056
v -0.0546441 0.0581466 0.0056
v -0.0552053 0.0578134 0.0056
v -0.0527309 0.0581702 0.0056
v -0.0533633 0.0583314 0.0056
v -0.0521617 0.0578509 0.0056
v -0.0511846 0.0562058 0.0056
v -0.0511766 0.0555532 0.0056
v -0.0513377 0.0549208 0.0056
v -0.051657 0.0543516 0.0056
v -0.0521128 0.0538845 0.0056
v -0.0533021 0.0533745 0.0056
v -0.0526739 0.0535512 0.0056
v -0.0555418 0.0474455 0.0056
v -0.0559567 0.0548638 0.0056
v -0.0556235 0.0543027 0.0056
v -0.0540159 0.0583233 0.0056
v -0.0551563 0.0538469 0.0056
v -0.0545872 0.0535276 0.0056
v -0.0539547 0.0533665 0.0056
v -0.0561334 0.0554921 0.0056
v -0.0561415 0.0561446 0.0056
v -0.055661 0.0573462 0.0056
v -0.0559803 0.0567771 0.0056
v -0.0507735 0.0586191 0.0136
v -0.0501761 0.057816 0.0136
v -0.0497968 0.0568897 0.0136
v -0.0496593 0.0558983 0.0136
v -0.0497723 0.0549037 0.0136
v -0.0501286 0.0539684 0.0136
v -0.050706 0.0531508 0.0136
v -0.0514684 0.0525021 0.0136
v -0.0511849 0.052069 0.0135319
v -0.0509207 0.0516654 0.0133321
v -0.0506938 0.0513189 0.0130142
v -0.0505198 0.0510529 0.0126
v -0.0504104 0.0508857 0.0121176
v -0.0503239 0.0528016 0.0135319
v -0.0499678 0.0524762 0.0133321
v -0.0494274 0.0519824 0.0126
v -0.0492799 0.0518477 0.0121176
v -0.0484236 0.0530601 0.0121176
v -0.0478951 0.0544472 0.0121176
v -0.0477276 0.0559221 0.0121176
v -0.0479315 0.0573924 0.0121176
v -0.048494 0.058766 0.0121176
v -0.0493799 0.059957 0.0121176
v -0.0495241 0.0598186 0.0126
v -0.048668 0.0586678 0.0126
v -0.0481244 0.0573404 0.0126
v -0.0479274 0.0559196 0.0126
v -0.0480893 0.0544944 0.0126
v -0.0485999 0.0531541 0.0126
v -0.049662 0.0521968 0.0130142
v -0.0488805 0.0533035 0.0130142
v -0.0483981 0.0545696 0.0130142
v -0.0482452 0.0559157 0.0130142
v -0.0484313 0.0572577 0.0130142
v -0.0489447 0.0585115 0.0130142
v -0.0497533 0.0595985 0.0130142
v -0.0500521 0.0593116 0.0133321
v -0.0493054 0.0583078 0.0133321
v -0.0488312 0.0571499 0.0133321
v -0.0486594 0.0559106 0.0133321
v -0.0488006 0.0546674 0.0133321
v -0.049246 0.0534982 0.0133321
v -0.0496718 0.053725 0.0135319
v -0.0492693 0.0547814 0.0135319
v -0.0491417 0.0559047 0.0135319
v -0.049297 0.0570244 0.0135319
v -0.0497254 0.0580706 0.0135319
v -0.0504001 0.0589776 0.0135319
v -0.05874 0.0453521 0.0116
v -0.0587773 0.0454091 0.0121176
v -0.0588868 0.0455763 0.0126
v -0.0590608 0.0458422 0.0130142
v -0.0592877 0.0461888 0.0133321
v -0.0595519 0.0465924 0.0135319
v -0.0598353 0.0470255 0.0136
v -0.0606117 0.0466307 0.0136
v -0.061455 0.0464133 0.0136
v -0.0613811 0.0459009 0.0135319
v -0.0613123 0.0454235 0.0133321
v -0.0612531 0.0450135 0.0130142
v -0.0612078 0.0446989 0.0126
v -0.0599045 0.0447599 0.0116
v -0.0611792 0.0445012 0.0121176
v -0.0611695 0.0444337 0.0116
v -0.0599286 0.0448236 0.0121176
v -0.0599992 0.0450105 0.0126
v -0.0601116 0.0453078 0.0130142
v -0.0602581 0.0456953 0.0133321
v -0.0604286 0.0461465 0.0135319
v -0.0555418 0.0474455 0.0055
v -0.05874 0.0453521 0.0055
v -0.0611695 0.0444337 0.0055
v -0.0599045 0.0447599 0.0055
v -0.0636439 0.0440769 0.0055
v -0.0667279 0.0444442 0.0055
v -0.0652101 0.0440575 0.0055
v -0.0652101 0.0440575 -0.0055
v -0.0667279 0.0444442 -0.0055
v -0.0670693 0.0445932 0.0055
v -0.0670693 0.0445932 -0.0055
v -0.0667559 0.0446384 -0.0055
v -0.0667559 0.0446384 0.0055
v -0.0539547 0.0533665 0.0114
v -0.0533021 0.0533745 0.0114
v -0.0545872 0.0535276 0.0114
v -0.0551563 0.0538469 0.0114
v -0.0556235 0.0543027 0.0114
v -0.0559567 0.0548638 0.0114
v -0.0561334 0.0554921 0.0114
v -0.0561415 0.0561446 0.0114
v -0.0559803 0.0567771 0.0114
v -0.055661 0.0573462 0.0114
v -0.0552053 0.0578134 0.0114
v -0.0546441 0.0581466 0.0114
v -0.0540159 0.0583233 0.0114
v -0.0533633 0.0583314 0.0114
v -0.0527309 0.0581702 0.0114
v -0.0521617 0.0578509 0.0114
v -0.0516946 0.0573952 0.0114
v -0.0513613 0.056834 0.0114
v -0.0511846 0.0562058 0.0114
v -0.0511766 0.0555532 0.0114
v -0.0513377 0.0549208 0.0114
v -0.051657 0.0543516 0.0114
v -0.0521128 0.0538845 0.0114
v -0.0526739 0.0535512 0.0114
v -0.0509017 0.0570311 0.0114
v -0.0513017 0.0577044 0.0114
v -0.0564163 0.0546668 0.0114
v -0.0560164 0.0539934 0.0114
v -0.0506897 0.0562772 0.0114
v -0.0518622 0.0582513 0.0114
v -0.0548412 0.0586062 0.0114
v -0.0555145 0.0582063 0.0114
v -0.0560614 0.0576457 0.0114
v -0.0564446 0.0569627 0.0114
v -0.0566283 0.0554207 0.0114
v -0.0554558 0.0534465 0.0114
v -0.0532308 0.0528796 0.0114
v -0.0524769 0.0530917 0.0114
v -0.0518035 0.0534916 0.0114
v -0.0512566 0.0540521 0.0114
v -0.0525452 0.0586345 0.0114
v -0.0533042 0.0588279 0.0114
v -0.0540873 0.0588182 0.0114
v -0.056638 0.0562038 0.0114
v -0.0547728 0.0530633 0.0114
v -0.0540139 0.05287 0.0114
v -0.0508734 0.0547352 0.0114
v -0.0506801 0.0554941 0.0114
v -0.0540139 0.05287 0.0136
v -0.0532308 0.0528796 0.0136
v -0.0547728 0.0530633 0.0136
v -0.0554558 0.0534465 0.0136
v -0.0560164 0.0539934 0.0136
v -0.0564163 0.0546668 0.0136
v -0.0566283 0.0554207 0.0136
v -0.056638 0.0562038 0.0136
v -0.0564446 0.0569627 0.0136
v -0.0560614 0.0576457 0.0136
v -0.0555145 0.0582063 0.0136
v -0.0548412 0.0586062 0.0136
v -0.0540873 0.0588182 0.0136
v -0.0533042 0.0588279 0.0136
v -0.0525452 0.0586345 0.0136
v -0.0518622 0.0582513 0.0136
v -0.0513017 0.0577044 0.0136
v -0.0509017 0.0570311 0.0136
v -0.0506897 0.0562772 0.0136
v -0.0506801 0.0554941 0.0136
v -0.0508734 0.0547352 0.0136
v -0.0512566 0.0540521 0.0136
v -0.0518035 0.0534916 0.0136
v -0.0524769 0.0530917 0.0136
v -0.0684097 0.0946343 0.0136
v -0.0632082 0.0531296 0.0136
v -0.0649953 0.049944 0.0136
v -0.065026 0.0503723 0.0136
v -0.0647833 0.0491901 0.0136
v -0.0638815 0.0527296 0.0136
v -0.0691406 0.0946253 0.0136
v -0.0698489 0.0948058 0.0136
v -0.0650049 0.0507271 0.0136
v -0.0601705 0.0480149 0.0136
v -0.0592404 0.0492585 0.0136
v -0.0624542 0.0533416 0.0136
v -0.0616711 0.0533512 0.0136
v -0.0648116 0.0514861 0.0136
v -0.0644284 0.0521691 0.0136
v -0.0704864 0.0951634 0.0136
v -0.0643833 0.0485168 0.0136
v -0.0615978 0.047403 0.0136
v -0.0608438 0.047615 0.0136
v -0.0596236 0.0485755 0.0136
v -0.0590471 0.0500174 0.0136
v -0.067706 0.0948322 0.0136
v -0.0638228 0.0479699 0.0136
v -0.0631398 0.0475867 0.0136
v -0.0590567 0.0508005 0.0136
v -0.0710516 0.0990826 0.0136
v -0.0705412 0.0996058 0.0136
v -0.0665671 0.0957286 0.0136
v -0.0670775 0.0952054 0.0136
v -0.0623809 0.0473933 0.0136
v -0.0714092 0.0984452 0.0136
v -0.0715807 0.0970059 0.0136
v -0.0715897 0.0977368 0.0136
v -0.0710095 0.0956738 0.0136
v -0.0592687 0.0515544 0.0136
v -0.0713828 0.0963023 0.0136
v -0.0602292 0.0527747 0.0136
v -0.0596686 0.0522278 0.0136
v -0.0609122 0.0531579 0.0136
v -0.069209 0.100177 0.0136
v -0.0699127 0.0999791 0.0136
v -0.0662095 0.0963661 0.0136
v -0.066038 0.0978053 0.0136
v -0.0662359 0.098509 0.0136
v -0.0666092 0.0991374 0.0136
v -0.0671324 0.0996479 0.0136
v -0.0677698 0.100006 0.0136
v -0.0684782 0.100186 0.0136
v -0.066029 0.0970744 0.0136
v -0.0678242 0.0951079 0.0133
v -0.0672631 0.0954412 0.0133
v -0.0668073 0.0959083 0.0133
v -0.066488 0.0964775 0.0133
v -0.0663269 0.0971099 0.0133
v -0.066335 0.0977625 0.0133
v -0.0665116 0.0983908 0.0133
v -0.0668449 0.0989519 0.0133
v -0.067312 0.0994077 0.0133
v -0.0678812 0.099727 0.0133
v -0.0685136 0.0998881 0.0133
v -0.0691662 0.09988 0.0133
v -0.0697945 0.0997034 0.0133
v -0.0703556 0.0993701 0.0133
v -0.0708114 0.098903 0.0133
v -0.0711307 0.0983338 0.0133
v -0.0712918 0.0977014 0.0133
v -0.0712838 0.0970488 0.0133
v -0.0711071 0.0964205 0.0133
v -0.0707738 0.0958594 0.0133
v -0.0703067 0.0954036 0.0133
v -0.0697375 0.0950843 0.0133
v -0.0691051 0.0949232 0.0133
v -0.0684525 0.0949312 0.0133
v -0.0688094 0.0974056 0.0133
v -0.0632082 0.0531296 0.0114
v -0.0624542 0.0533416 0.0114
v -0.0638815 0.0527296 0.0114
v -0.0644284 0.0521691 0.0114
v -0.0648116 0.0514861 0.0114
v -0.0650049 0.0507271 0.0114
v -0.0649953 0.049944 0.0114
v -0.065026 0.0503723 0.0114
v -0.0647833 0.0491901 0.0114
v -0.0643833 0.0485168 0.0114
v -0.0638228 0.0479699 0.0114
v -0.0631398 0.0475867 0.0114
v -0.0623809 0.0473933 0.0114
v -0.0615978 0.047403 0.0114
v -0.0608438 0.047615 0.0114
v -0.0601705 0.0480149 0.0114
v -0.0596236 0.0485755 0.0114
v -0.0592404 0.0492585 0.0114
v -0.0590471 0.0500174 0.0114
v -0.0590567 0.0508005 0.0114
v -0.0592687 0.0515544 0.0114
v -0.0596686 0.0522278 0.0114
v -0.0602292 0.0527747 0.0114
v -0.0609122 0.0531579 0.0114
v -0.0616711 0.0533512 0.0114
v -0.062026 0.0527723 0.0114
v -0.0626472 0.0526905 0.0114
v -0.0614048 0.0526905 0.0114
v -0.062026 0.0479723 0.0114
v -0.0614048 0.0480541 0.0114
v -0.0597078 0.0509935 0.0114
v -0.0599475 0.0515723 0.0114
v -0.063226 0.0524507 0.0114
v -0.0626472 0.0480541 0.0114
v -0.0603289 0.0520693 0.0114
v -0.060826 0.0524507 0.0114
v -0.064426 0.0503723 0.0114
v -0.060826 0.0482938 0.0114
v -0.0597078 0.0497511 0.0114
v -0.059626 0.0503723 0.0114
v -0.0637231 0.0520693 0.0114
v -0.0641045 0.0515723 0.0114
v -0.0643442 0.0509935 0.0114
v -0.0643442 0.0497511 0.0114
v -0.0641045 0.0491723 0.0114
v -0.0637231 0.0486752 0.0114
v -0.0603289 0.0486752 0.0114
v -0.0599475 0.0491723 0.0114
v -0.063226 0.0482938 0.0114
v -0.064326 0.0503723 0.0115
v -0.0642476 0.0509676 0.0115
v -0.0640179 0.0515223 0.0115
v -0.0636523 0.0519986 0.0115
v -0.063176 0.0523641 0.0115
v -0.0626213 0.0525939 0.0115
v -0.062026 0.0526723 0.0115
v -0.0614307 0.0525939 0.0115
v -0.060876 0.0523641 0.0115
v -0.0603997 0.0519986 0.0115
v -0.0600341 0.0515223 0.0115
v -0.0598044 0.0509676 0.0115
v -0.059726 0.0503723 0.0115
v -0.0598044 0.049777 0.0115
v -0.0600341 0.0492223 0.0115
v -0.0603997 0.0487459 0.0115
v -0.060876 0.0483804 0.0115
v -0.0614307 0.0481507 0.0115
v -0.062026 0.0480723 0.0115
v -0.0626213 0.0481507 0.0115
v -0.063176 0.0483804 0.0115
v -0.0636523 0.0487459 0.0115
v -0.0640179 0.0492223 0.0115
v -0.0642476 0.049777 0.0115
v -0.0623007 0.0531085 0.0115
v -0.0615832 0.0530864 0.0115
v -0.0608958 0.0528793 0.0115
v -0.0602854 0.0525014 0.0115
v -0.0597937 0.0519783 0.0115
v -0.0594541 0.0513458 0.0115
v -0.0592898 0.050647 0.0115
v -0.0593119 0.0499295 0.0115
v -0.06042 0.04814 0.0115
v -0.0610524 0.0478004 0.0115
v -0.063632 0.0526046 0.0115
v -0.0629995 0.0529442 0.0115
v -0.059519 0.0492421 0.0115
v -0.0598969 0.0486317 0.0115
v -0.0617513 0.047636 0.0115
v -0.0647622 0.0500976 0.0115
v -0.0647401 0.0508151 0.0115
v -0.0624688 0.0476582 0.0115
v -0.064533 0.0515025 0.0115
v -0.0631562 0.0478653 0.0115
v -0.0641551 0.0521128 0.0115
v -0.0637666 0.0482432 0.0115
v -0.0642583 0.0487663 0.0115
v -0.0645979 0.0493987 0.0115
v -0.059519 0.0492421 0.0132
v -0.0593119 0.0499295 0.0132
v -0.0592898 0.050647 0.0132
v -0.0594541 0.0513458 0.0132
v -0.0597937 0.0519783 0.0132
v -0.0602854 0.0525014 0.0132
v -0.0608958 0.0528793 0.0132
v -0.0615832 0.0530864 0.0132
v -0.0623007 0.0531085 0.0132
v -0.0629995 0.0529442 0.0132
v -0.063632 0.0526046 0.0132
v -0.0641551 0.0521128 0.0132
v -0.064533 0.0515025 0.0132
v -0.0647401 0.0508151 0.0132
v -0.0647622 0.0500976 0.0132
v -0.0645979 0.0493987 0.0132
v -0.0642583 0.0487663 0.0132
v -0.0637666 0.0482432 0.0132
v -0.0631562 0.0478653 0.0132
v -0.0624688 0.0476582 0.0132
v -0.0617513 0.047636 0.0132
v -0.0610524 0.0478004 0.0132
v -0.06042 0.04814 0.0132
v -0.0598969 0.0486317 0.0132
v -0.0597925 0.0493654 0.0135
v -0.059608 0.0499778 0.0135
v -0.0595883 0.050617 0.0135
v -0.0597347 0.0512396 0.0135
v -0.0600372 0.0518031 0.0135
v -0.0604753 0.0522691 0.0135
v -0.0610191 0.0526058 0.0135
v -0.0616315 0.0527903 0.0135
v -0.0622707 0.05281 0.0135
v -0.0628933 0.0526636 0.0135
v -0.0634568 0.0523611 0.0135
v -0.0639228 0.051923 0.0135
v -0.0642595 0.0513792 0.0135
v -0.064444 0.0507668 0.0135
v -0.0644637 0.0501275 0.0135
v -0.0643173 0.0495049 0.0135
v -0.0640148 0.0489415 0.0135
v -0.0635767 0.0484755 0.0135
v -0.0630329 0.0481388 0.0135
v -0.0624205 0.0479543 0.0135
v -0.0617812 0.0479345 0.0135
v -0.0611587 0.048081 0.0135
v -0.0605952 0.0483835 0.0135
v -0.0601292 0.0488216 0.0135
v -0.0595313 0.0499653 0.0134898
v -0.059511 0.0506248 0.0134898
v -0.059662 0.0512671 0.0134898
v -0.0599742 0.0518485 0.0134898
v -0.0604262 0.0523292 0.0134898
v -0.0609872 0.0526766 0.0134898
v -0.061619 0.0528669 0.0134898
v -0.0622785 0.0528873 0.0134898
v -0.0629208 0.0527362 0.0134898
v -0.0635022 0.0524241 0.0134898
v -0.0639829 0.0519721 0.0134898
v -0.0643303 0.0514111 0.0134898
v -0.0645207 0.0507793 0.0134898
v -0.064541 0.0501198 0.0134898
v -0.06439 0.0494775 0.0134898
v -0.0640778 0.0488961 0.0134898
v -0.0636258 0.0484154 0.0134898
v -0.0630648 0.048068 0.0134898
v -0.062433 0.0478776 0.0134898
v -0.0617735 0.0478573 0.0134898
v -0.0611312 0.0480083 0.0134898
v -0.0605498 0.0483205 0.0134898
v -0.0600691 0.0487725 0.0134898
v -0.0597217 0.0493335 0.0134898
v -0.0594599 0.0499536 0.0134598
v -0.059439 0.050632 0.0134598
v -0.0595944 0.0512927 0.0134598
v -0.0599155 0.0518907 0.0134598
v -0.0603804 0.0523852 0.0134598
v -0.0609574 0.0527426 0.0134598
v -0.0616073 0.0529384 0.0134598
v -0.0622857 0.0529593 0.0134598
v -0.0629464 0.0528039 0.0134598
v -0.0635444 0.0524828 0.0134598
v -0.0640389 0.0520179 0.0134598
v -0.0643963 0.0514408 0.0134598
v -0.0645921 0.050791 0.0134598
v -0.064613 0.0501126 0.0134598
v -0.0644576 0.0494518 0.0134598
v -0.0641365 0.0488539 0.0134598
v -0.0636716 0.0483593 0.0134598
v -0.0630946 0.048002 0.0134598
v -0.0624447 0.0478062 0.0134598
v -0.0617663 0.0477853 0.0134598
v -0.0611056 0.0479407 0.0134598
v -0.0605076 0.0482618 0.0134598
v -0.0600131 0.0487267 0.0134598
v -0.0596557 0.0493037 0.0134598
v -0.0593986 0.0499436 0.0134121
v -0.0593772 0.0506382 0.0134121
v -0.0595363 0.0513147 0.0134121
v -0.059865 0.051927 0.0134121
v -0.060341 0.0524333 0.0134121
v -0.0609319 0.0527992 0.0134121
v -0.0615973 0.0529997 0.0134121
v -0.0622919 0.0530211 0.0134121
v -0.0629684 0.052862 0.0134121
v -0.0635807 0.0525333 0.0134121
v -0.064087 0.0520572 0.0134121
v -0.0644529 0.0514664 0.0134121
v -0.0646534 0.050801 0.0134121
v -0.0646748 0.0501063 0.0134121
v -0.0645157 0.0494298 0.0134121
v -0.064187 0.0488176 0.0134121
v -0.0637109 0.0483112 0.0134121
v -0.0631201 0.0479454 0.0134121
v -0.0624547 0.0477449 0.0134121
v -0.0617601 0.0477235 0.0134121
v -0.0610836 0.0478826 0.0134121
v -0.0604713 0.0482113 0.0134121
v -0.059965 0.0486873 0.0134121
v -0.0595991 0.0492782 0.0134121
v -0.0593516 0.0499359 0.01335
v -0.0593297 0.050643 0.01335
v -0.0594917 0.0513316 0.01335
v -0.0598263 0.0519548 0.01335
v -0.0603109 0.0524702 0.01335
v -0.0609123 0.0528427 0.01335
v -0.0615896 0.0530467 0.01335
v -0.0622967 0.0530685 0.01335
v -0.0629853 0.0529066 0.01335
v -0.0636086 0.052572 0.01335
v -0.064124 0.0520874 0.01335
v -0.0644964 0.051486 0.01335
v -0.0647004 0.0508086 0.01335
v -0.0647222 0.0501016 0.01335
v -0.0645603 0.049413 0.01335
v -0.0642257 0.0487897 0.01335
v -0.0637411 0.0482743 0.01335
v -0.0631397 0.0479019 0.01335
v -0.0624624 0.0476978 0.01335
v -0.0617553 0.047676 0.01335
v -0.0610667 0.047838 0.01335
v -0.0604434 0.0481726 0.01335
v -0.059928 0.0486572 0.01335
v -0.0595556 0.0492586 0.01335
v -0.059322 0.0499311 0.0132776
v -0.0592999 0.050646 0.0132776
v -0.0594636 0.0513422 0.0132776
v -0.059802 0.0519724 0.0132776
v -0.0602919 0.0524934 0.0132776
v -0.0609 0.05287 0.0132776
v -0.0615848 0.0530763 0.0132776
v -0.0622997 0.0530984 0.0132776
v -0.0629959 0.0529346 0.0132776
v -0.0636261 0.0525963 0.0132776
v -0.0641472 0.0521064 0.0132776
v -0.0645237 0.0514983 0.0132776
v -0.06473 0.0508135 0.0132776
v -0.0647521 0.0500986 0.0132776
v -0.0645883 0.0494024 0.0132776
v -0.06425 0.0487722 0.0132776
v -0.0637601 0.0482511 0.0132776
v -0.063152 0.0478746 0.0132776
v -0.0624672 0.0476683 0.0132776
v -0.0617523 0.0476462 0.0132776
v -0.0610561 0.0478099 0.0132776
v -0.0604259 0.0481483 0.0132776
v -0.0599048 0.0486382 0.0132776
v -0.0595283 0.0492463 0.0132776
v -0.0574378 0.0605918 0.00425603
v -0.0574435 0.0606315 0.0039
v -0.0572151 0.0590479 0.0055
v -0.0574435 0.0606315 -0.0039
v -0.0574358 0.0605775 -0.00431411
v -0.057266 0.0594003 0.00545988
v -0.0573575 0.0600352 0.00515093
v -0.0573937 0.060286 0.00489758
v -0.0573142 0.059735 0.00534155
v -0.0572151 0.0590479 -0.0055
v -0.0573766 0.0601677 -0.00503137
v -0.0573293 0.0598397 -0.00528564
v -0.0574129 0.0604193 -0.0047
v -0.0574209 0.0604747 0.00459421
v -0.0572743 0.0594577 -0.00544548
v -0.058264 0.059315 -0.00544548
v -0.0582049 0.0589051 -0.0055
v -0.0583191 0.0596969 -0.00528564
v -0.0583664 0.0600249 -0.00503137
v -0.0584027 0.0602766 -0.0047
v -0.0584255 0.0604348 -0.00431411
v -0.0584333 0.0604887 -0.0039
v -0.0583721 0.0600644 -0.0039
v -0.0582995 0.0595611 -0.00456274
v -0.0582049 0.0589051 -0.00507128
v -0.0580947 0.0581412 -0.00539096
v -0.0584333 0.0604887 -0.0023
v -0.0584177 0.0603808 -0.00312822
v -0.0579765 0.0573215 -0.0055
v -0.0698155 0.0588471 -0.0023
v -0.0698 0.0587392 -0.00312822
v -0.0697543 0.0584228 -0.0039
v -0.0696817 0.0579195 -0.00456274
v -0.0695871 0.0572635 -0.00507128
v -0.069477 0.0564997 -0.00539096
v -0.0693587 0.0556799 -0.0055
v -0.0584276 0.060449 0.00425603
v -0.0584333 0.0604887 0.0039
v -0.0584107 0.0603319 0.00459421
v -0.0583835 0.0601432 0.00489758
v -0.0583473 0.0598925 0.00515093
v -0.058304 0.0595922 0.00534155
v -0.0582557 0.0592575 0.00545988
v -0.0582049 0.0589051 0.0055
v -0.0584333 0.0604887 0.0023
v -0.0698155 0.0588471 0.0023
v -0.0580947 0.0581412 0.00539096
v -0.0579765 0.0573215 0.0055
v -0.0693587 0.0556799 0.0055
v -0.0582049 0.0589051 0.00507128
v -0.069477 0.0564997 0.00539096
v -0.0582995 0.0595611 0.00456274
v -0.0695871 0.0572635 0.00507128
v -0.0583721 0.0600644 0.0039
v -0.0696817 0.0579195 0.00456274
v -0.0584177 0.0603808 0.00312822
v -0.0697543 0.0584228 0.0039
v -0.0698 0.0587392 0.00312822
v -0.0716978 0.0894115 0.0075
v -0.0717056 0.0894654 0.00791411
v -0.0716978 0.0894115 -0.0075
v -0.071812 0.0902033 -0.00888564
v -0.0717647 0.0898753 0.00863137
v -0.0717647 0.0898753 -0.00863137
v -0.0717284 0.0896236 -0.0083
v -0.0718671 0.0905852 -0.00904548
v -0.0718671 0.0905852 0.00904548
v -0.0719262 0.0909951 0.0091
v -0.0717284 0.0896236 0.0083
v -0.071812 0.0902033 0.00888564
v -0.0717056 0.0894654 -0.00791411
v -0.0719262 0.0909951 -0.0091
v -0.0744006 0.0906382 -0.0091
v -0.0743415 0.0902283 -0.00904548
v -0.0742864 0.0898464 -0.00888564
v -0.0742391 0.0895184 -0.00863137
v -0.0742028 0.0892668 -0.0083
v -0.07418 0.0891085 -0.00791411
v -0.0741722 0.0890546 -0.0075
v -0.0741722 0.0890546 0.0075
v -0.07418 0.0891085 0.00791411
v -0.0742028 0.0892668 0.0083
v -0.0742391 0.0895184 0.00863137
v -0.0742864 0.0898464 0.00888564
v -0.0743415 0.0902283 0.00904548
v -0.0744006 0.0906382 0.0091
v -0.0745956 0.098996 0.0091
v -0.0749478 0.0979348 0.0091
v -0.0750905 0.0989246 0.0091
v -0.0754426 0.0978634 0.0091
v -0.0746547 0.0994058 0.00904548
v -0.0747098 0.0997878 0.00888564
v -0.0751496 0.0993344 0.00904548
v -0.0747571 0.100116 0.00863137
v -0.0752047 0.0997164 0.00888564
v -0.0747934 0.100367 0.0083
v -0.075252 0.100044 0.00863137
v -0.0748162 0.100526 0.00791411
v -0.0752883 0.100296 0.0083
v -0.074824 0.10058 0.0075
v -0.0753111 0.100454 0.00791411
v -0.0753189 0.100508 0.0075
v -0.074824 0.10058 -0.0075
v -0.0747098 0.0997878 -0.00888564
v -0.0746547 0.0994058 -0.00904548
v -0.0747934 0.100367 -0.0083
v -0.0747571 0.100116 -0.00863137
v -0.0748162 0.100526 -0.00791411
v -0.0745956 0.098996 -0.0091
v -0.0753189 0.100508 -0.0075
v -0.0753111 0.100454 -0.00791411
v -0.0752883 0.100296 -0.0083
v -0.075252 0.100044 -0.00863137
v -0.0752047 0.0997164 -0.00888564
v -0.0751496 0.0993344 -0.00904548
v -0.0750905 0.0989246 -0.0091
v -0.0749478 0.0979348 -0.0091
v -0.0754426 0.0978634 -0.0091
v -0.075585 0.0988508 0.00875093
v -0.0755417 0.0985506 0.00894155
v -0.0756484 0.0992902 0.00819421
v -0.0756212 0.0991016 0.00849758
v -0.0756041 0.0989832 -0.00863137
v -0.0756404 0.0992349 -0.0083
v -0.0755017 0.0982733 -0.00904548
v -0.0755568 0.0986553 -0.00888564
v -0.0756653 0.0994074 0.00785603
v -0.075671 0.0994471 -0.0075
v -0.0756632 0.0993931 -0.00791411
v -0.075671 0.0994471 0.0075
v -0.0754935 0.0982158 0.00905988
v -0.0751761 0.0995184 0.0075
v -0.0751704 0.0994787 0.00785603
v -0.0751761 0.0995184 -0.0075
v -0.0751684 0.0994645 -0.00791411
v -0.0751535 0.0993616 0.00819421
v -0.0751263 0.0991729 0.00849758
v -0.0750469 0.0986219 0.00894155
v -0.0750902 0.0989222 0.00875093
v -0.0749986 0.0982872 0.00905988
v -0.0751093 0.0990546 -0.00863137
v -0.075062 0.0987266 -0.00888564
v -0.0751456 0.0993063 -0.0083
v -0.0750069 0.0983447 -0.00904548
v -0.068039 0.0465291 -0.00431411
v -0.0680618 0.0466873 -0.0047
v -0.0680981 0.046939 -0.00503137
v -0.0680312 0.0464751 -0.0039
v -0.0681454 0.047267 -0.00528564
v -0.0682005 0.0476489 -0.00544548
v -0.0682596 0.0480588 0.0055
v -0.0680538 0.046632 0.00459421
v -0.0680369 0.0465149 0.00425603
v -0.0682088 0.0477064 0.00545988
v -0.0681605 0.0473717 0.00534155
v -0.0681172 0.0470714 0.00515093
v -0.0680312 0.0464751 0.0039
v -0.0682596 0.0480588 -0.0055
v -0.068081 0.0468206 0.00489758
v -0.0675363 0.0465465 0.0039
v -0.0675363 0.0465465 -0.0039
v -0.0677056 0.0477203 -0.00544548
v -0.0677647 0.0481301 -0.0055
v -0.0676505 0.0473383 -0.00528564
v -0.0676032 0.0470104 -0.00503137
v -0.0675669 0.0467587 -0.0047
v -0.0675441 0.0466005 -0.00431411
v -0.067542 0.0465862 0.00425603
v -0.0675589 0.0467034 0.00459421
v -0.0675861 0.046892 0.00489758
v -0.0676223 0.0471428 0.00515093
v -0.0676656 0.047443 0.00534155
v -0.0677139 0.0477778 0.00545988
v -0.0677647 0.0481301 0.0055
v -0.058453 0.0545536 0.0055
v -0.0589119 0.0549058 0.0055
v -0.0574925 0.0534864 0.0055
v -0.0589119 0.0458388 0.0055
v -0.0578447 0.0467992 0.0055
v -0.0601914 0.0451873 0.0055
v -0.0615959 0.0448891 0.0055
v -0.0596569 0.0553359 0.0055
v -0.0565428 0.0508024 0.0055
v -0.056841 0.0522069 0.0055
v -0.065599 0.046191 0.0055
v -0.0665595 0.0472582 0.0055
v -0.0566184 0.0493686 0.0055
v -0.0630297 0.0449646 0.0055
v -0.0643951 0.0454087 0.0055
v -0.0671271 0.0472118 0.0055
v -0.0674336 0.051376 0.0055
v -0.0610223 0.0557799 0.0055
v -0.0570624 0.0480032 0.0055
v -0.0669896 0.0527414 0.0055
v -0.0638606 0.0555573 0.0055
v -0.0651401 0.0549058 0.0055
v -0.0624561 0.0558554 0.0055
v -0.0662073 0.0539453 0.0055
v -0.067622 0.0471404 0.0055
v -0.0675092 0.0499422 0.0055
v -0.067211 0.0485377 0.0055
v -0.0669065 0.0456821 0.00431411
v -0.0668987 0.0456281 0.0039
v -0.0673936 0.0455568 0.0039
v -0.0669293 0.0458403 0.0047
v -0.0674013 0.0456107 0.00431411
v -0.0669656 0.046092 0.00503137
v -0.0674242 0.0457689 0.0047
v -0.0670129 0.0464199 0.00528564
v -0.0674605 0.0460206 0.00503137
v -0.067068 0.0468019 0.00544548
v -0.0675078 0.0463486 0.00528564
v -0.0675628 0.0467305 0.00544548
v -0.0674013 0.0456107 -0.00431411
v -0.0673936 0.0455568 -0.0039
v -0.0675078 0.0463486 -0.00528564
v -0.0674242 0.0457689 -0.0047
v -0.0674605 0.0460206 -0.00503137
v -0.0675628 0.0467305 -0.00544548
v -0.067622 0.0471404 -0.0055
v -0.067068 0.0468019 -0.00544548
v -0.0670129 0.0464199 -0.00528564
v -0.0668987 0.0456281 -0.0039
v -0.0669656 0.046092 -0.00503137
v -0.0669293 0.0458403 -0.0047
v -0.0669065 0.0456821 -0.00431411
v -0.0671271 0.0472118 -0.0055
v -0.0578447 0.0467992 -0.0055
v -0.0566184 0.0493686 -0.0055
v -0.0570624 0.0480032 -0.0055
v -0.056841 0.0522069 -0.0055
v -0.0596569 0.0553359 -0.0055
v -0.058453 0.0545536 -0.0055
v -0.0574925 0.0534864 -0.0055
v -0.0610223 0.0557799 -0.0055
v -0.0565428 0.0508024 -0.0055
v -0.0638606 0.0555573 -0.0055
v -0.0624561 0.0558554 -0.0055
v -0.0601914 0.0451873 -0.0055
v -0.0589119 0.0458388 -0.0055
v -0.0651401 0.0549058 -0.0055
v -0.0675092 0.0499422 -0.0055
v -0.067211 0.0485377 -0.0055
v -0.065599 0.046191 -0.0055
v -0.0643951 0.0454087 -0.0055
v -0.0669896 0.0527414 -0.0055
v -0.0662073 0.0539453 -0.0055
v -0.0630297 0.0449646 -0.0055
v -0.0674336 0.051376 -0.0055
v -0.0615959 0.0448891 -0.0055
v -0.0665595 0.0472582 -0.0055
v -0.0651401 0.0549058 -0.0047
v -0.0662073 0.0539453 -0.0047
v -0.0669896 0.0527414 -0.0047
v -0.0674336 0.051376 -0.0047
v -0.0675092 0.0499422 -0.0047
v -0.067211 0.0485377 -0.0047
v -0.0665595 0.0472582 -0.0047
v -0.065599 0.046191 -0.0047
v -0.0643951 0.0454087 -0.0047
v -0.062026 0.0448723 -0.0047
v -0.0615959 0.0448891 -0.0047
v -0.0601914 0.0451873 -0.0047
v -0.0589119 0.0458388 -0.0047
v -0.0578447 0.0467992 -0.0047
v -0.0570624 0.0480032 -0.0047
v -0.0566184 0.0493686 -0.0047
v -0.0565428 0.0508024 -0.0047
v -0.056841 0.0522069 -0.0047
v -0.0574925 0.0534864 -0.0047
v -0.058453 0.0545536 -0.0047
v -0.0596569 0.0553359 -0.0047
v -0.0610223 0.0557799 -0.0047
v -0.0624561 0.0558554 -0.0047
v -0.0638606 0.0555573 -0.0047
v -0.0630297 0.0449646 -0.0047
v -0.062026 0.0503723 -0.0047
v -0.0651401 0.0549058 0.0045
v -0.0662073 0.0539453 0.0045
v -0.0669896 0.0527414 0.0045
v -0.0674336 0.051376 0.0045
v -0.0675092 0.0499422 0.0045
v -0.067211 0.0485377 0.0045
v -0.0665595 0.0472582 0.0045
v -0.065599 0.046191 0.0045
v -0.0643951 0.0454087 0.0045
v -0.0630297 0.0449646 0.0045
v -0.062026 0.0448723 0.0045
v -0.0615959 0.0448891 0.0045
v -0.0601914 0.0451873 0.0045
v -0.0589119 0.0458388 0.0045
v -0.0578447 0.0467992 0.0045
v -0.0570624 0.0480032 0.0045
v -0.0566184 0.0493686 0.0045
v -0.0565428 0.0508024 0.0045
v -0.056841 0.0522069 0.0045
v -0.0574925 0.0534864 0.0045
v -0.058453 0.0545536 0.0045
v -0.0596569 0.0553359 0.0045
v -0.0610223 0.0557799 0.0045
v -0.0624561 0.0558554 0.0045
v -0.0638606 0.0555573 0.0045
v -0.062026 0.0503723 0.0045
v -0.0631749 0.0502569 0.0135
v -0.0627004 0.0513096 0.0135
v -0.0625006 0.0493196 0.0135
v -0.0615514 0.051425 0.0135
v -0.0608771 0.0504876 0.0135
v -0.0613516 0.049435 0.0135
v -0.0612143 0.0509563 0.012
v -0.0615514 0.051425 0.012
v -0.0608771 0.0504876 0.012
v -0.0621259 0.0513673 0.012
v -0.0627004 0.0513096 0.012
v -0.0629376 0.0507833 0.012
v -0.0631749 0.0502569 0.012
v -0.0628377 0.0497883 0.012
v -0.0625006 0.0493196 0.012
v -0.0619261 0.0493773 0.012
v -0.0613516 0.049435 0.012
v -0.0611144 0.0499613 0.012
v -0.061865 0.0513592 0.012
v -0.061615 0.0512839 0.012
v -0.0613931 0.0511465 0.012
v -0.0612518 0.0497394 0.012
v -0.061442 0.0495605 0.012
v -0.061672 0.049437 0.012
v -0.062187 0.0493853 0.012
v -0.062437 0.0494606 0.012
v -0.0626589 0.0495981 0.012
v -0.0629612 0.0500183 0.012
v -0.063021 0.0502724 0.012
v -0.063013 0.0505333 0.012
v -0.0628002 0.0510052 0.012
v -0.06261 0.051184 0.012
v -0.06238 0.0513075 0.012
v -0.0610908 0.0507263 0.012
v -0.061031 0.0504722 0.012
v -0.061039 0.0502113 0.012
v -0.062026 0.0503723 0.0114226
v -0.061026 0.0509496 -0.0135
v -0.062026 0.051527 -0.0135
v -0.063026 0.0509496 -0.0135
v -0.061026 0.0497949 -0.0135
v -0.062026 0.0492176 -0.0135
v -0.063026 0.0497949 -0.0135
v -0.062026 0.051527 -0.012
v -0.063026 0.0509496 -0.012
v -0.062026 0.0492176 -0.012
v -0.061026 0.0497949 -0.012
v -0.061026 0.0509496 -0.012
v -0.063026 0.0497949 -0.012
f 1588 1602 1594
f 1602 1603 1594
f 1594 1603 1593
f 1603 1604 1593
f 1593 1604 1592
f 1604 1605 1592
f 1592 1605 1584
f 1605 1606 1584
f 1584 1606 1578
f 1606 1607 1578
f 1578 1607 1577
f 1607 1608 1577
f 1577 1608 1579
f 1608 1609 1579
f 1579 1609 1587
f 1609 1610 1587
f 1587 1610 1586
f 1610 1611 1586
f 1586 1611 1583
f 1611 1612 1583
f 1583 1612 1582
f 1612 1613 1582
f 1582 1613 1591
f 1613 1614 1591
f 1591 1614 1590
f 1614 1615 1590
f 1590 1615 1599
f 1615 1616 1599
f 1599 1616 1598
f 1616 1617 1598
f 1598 1617 1589
f 1617 1618 1589
f 1589 1618 1581
f 1618 1619 1581
f 1581 1619 1580
f 1619 1620 1580
f 1580 1620 1585
f 1620 1621 1585
f 1585 1621 1600
f 1621 1622 1600
f 1600 1622 1597
f 1622 1623 1597
f 1597 1623 1596
f 1623 1624 1596
f 1596 1624 1595
f 1624 1601 1595
f 1595 1601 1588
f 1601 1602 1588
f 1608 1626 1609
f 1626 1627 1609
f 1609 1627 1610
f 1627 1628 1610
f 1610 1628 1611
f 1628 1629 1611
f 1611 1629 1612
f 1629 1630 1612
f 1612 1630 1613
f 1630 1631 1613
f 1613 1631 1614
f 1631 1632 1614
f 1614 1632 1615
f 1632 1637 1615
f 1615 1637 1616
f 1637 1638 1616
f 1616 1638 1617
f 1638 1633 1617
f 1617 1633 1618
f 1633 1634 1618
f 1618 1634 1619
f 1634 1639 1619
f 1619 1639 1620
f 1639 1642 1620
f 1620 1642 1621
f 1642 1644 1621
f 1621 1644 1622
f 1644 1646 1622
f 1622 1646 1623
f 1646 1647 1623
f 1623 1647 1624
f 1647 1648 1624
f 1624 1648 1601
f 1648 1640 1601
f 1601 1640 1602
f 1640 1641 1602
f 1602 1641 1603
f 1641 1643 1603
f 1603 1643 1604
f 1643 1645 1604
f 1604 1645 1605
f 1645 1635 1605
f 1605 1635 1606
f 1635 1636 1606
f 1606 1636 1607
f 1636 1625 1607
f 1607 1625 1608
f 1625 1626 1608
f 1527 1499 1528
f 1499 1506 1528
f 1528 1506 1529
f 1506 1505 1529
f 1529 1505 1530
f 1505 1519 1530
f 1530 1519 1531
f 1519 1526 1531
f 1531 1526 1532
f 1526 1520 1532
f 1532 1520 1533
f 1520 1521 1533
f 1533 1521 1534
f 1521 1522 1534
f 1534 1522 1535
f 1522 1523 1535
f 1535 1523 1536
f 1523 1524 1536
f 1536 1524 1537
f 1524 1525 1537
f 1537 1525 1538
f 1525 1517 1538
f 1538 1517 1539
f 1517 1518 1539
f 1539 1518 1540
f 1518 1504 1540
f 1540 1504 1541
f 1504 1503 1541
f 1541 1503 1542
f 1503 1508 1542
f 1542 1508 1543
f 1508 1510 1543
f 1543 1510 1544
f 1510 1509 1544
f 1544 1509 1545
f 1509 1513 1545
f 1545 1513 1546
f 1513 1511 1546
f 1546 1511 1547
f 1511 1493 1547
f 1547 1493 1548
f 1493 1485 1548
f 1548 1485 1549
f 1485 1484 1549
f 1549 1484 1550
f 1484 1478 1550
f 1550 1478 1527
f 1478 1499 1527
f 1489 1553 1490
f 1553 1576 1490
f 1490 1576 1516
f 1576 1575 1516
f 1516 1575 1514
f 1575 1574 1514
f 1514 1574 1515
f 1574 1573 1515
f 1515 1573 1512
f 1573 1572 1512
f 1512 1572 1502
f 1572 1571 1502
f 1502 1571 1498
f 1571 1570 1498
f 1498 1570 1488
f 1570 1569 1488
f 1488 1569 1497
f 1569 1568 1497
f 1497 1568 1487
f 1568 1567 1487
f 1487 1567 1496
f 1567 1566 1496
f 1496 1566 1495
f 1566 1565 1495
f 1495 1565 1507
f 1565 1564 1507
f 1507 1564 1501
f 1564 1563 1501
f 1501 1563 1500
f 1563 1562 1500
f 1500 1562 1494
f 1562 1561 1494
f 1494 1561 1482
f 1561 1560 1482
f 1482 1560 1480
f 1560 1558 1480
f 1480 1558 1481
f 1558 1559 1481
f 1481 1559 1486
f 1559 1557 1486
f 1486 1557 1491
f 1557 1556 1491
f 1491 1556 1492
f 1556 1555 1492
f 1492 1555 1483
f 1555 1554 1483
f 1483 1554 1479
f 1554 1552 1479
f 1479 1552 1489
f 1552 1553 1489
f 580 582 105
f 582 581 105
f 105 581 104
f 581 583 104
f 104 583 88
f 583 584 88
f 88 584 89
f 584 585 89
f 89 585 85
f 585 586 85
f 85 586 86
f 586 587 86
f 86 587 100
f 587 588 100
f 100 588 70
f 588 589 70
f 70 589 67
f 589 590 67
f 67 590 81
f 590 591 81
f 81 591 82
f 591 592 82
f 82 592 83
f 592 593 83
f 83 593 128
f 593 594 128
f 128 594 129
f 594 570 129
f 129 570 51
f 570 571 51
f 51 571 56
f 571 572 56
f 56 572 110
f 572 573 110
f 110 573 139
f 573 574 139
f 139 574 142
f 574 575 142
f 142 575 124
f 575 576 124
f 124 576 122
f 576 577 122
f 122 577 132
f 577 578 132
f 132 578 118
f 578 579 118
f 118 579 119
f 579 580 119
f 119 580 105
f 14 27 15
f 27 28 15
f 15 28 16
f 28 29 16
f 16 29 17
f 29 30 17
f 17 30 18
f 30 31 18
f 18 31 19
f 31 32 19
f 19 32 20
f 32 33 20
f 20 33 21
f 33 34 21
f 21 34 22
f 34 35 22
f 22 35 23
f 35 36 23
f 23 36 24
f 36 37 24
f 24 37 1
f 37 38 1
f 1 38 2
f 38 39 2
f 2 39 3
f 39 40 3
f 3 40 4
f 40 41 4
f 4 41 5
f 41 42 5
f 5 42 6
f 42 43 6
f 6 43 7
f 43 44 7
f 7 44 8
f 44 45 8
f 8 45 9
f 45 46 9
f 9 46 10
f 46 47 10
f 10 47 11
f 47 48 11
f 11 48 12
f 48 49 12
f 12 49 13
f 49 26 13
f 13 26 14
f 26 27 14
f 1311 1407 1312
f 1407 1429 1312
f 1312 1429 1310
f 1429 1428 1310
f 1310 1428 1309
f 1428 1427 1309
f 1309 1427 1308
f 1427 1426 1308
f 1308 1426 1307
f 1426 1425 1307
f 1307 1425 1306
f 1425 1424 1306
f 1306 1424 1300
f 1424 1423 1300
f 1300 1423 1299
f 1423 1422 1299
f 1299 1422 1305
f 1422 1421 1305
f 1305 1421 1303
f 1421 1420 1303
f 1303 1420 1304
f 1420 1419 1304
f 1304 1419 1316
f 1419 1418 1316
f 1316 1418 1301
f 1418 1417 1301
f 1301 1417 1302
f 1417 1416 1302
f 1302 1416 1322
f 1416 1415 1322
f 1322 1415 1323
f 1415 1414 1323
f 1323 1414 1321
f 1414 1413 1321
f 1321 1413 1320
f 1413 1412 1320
f 1320 1412 1314
f 1412 1411 1314
f 1314 1411 1315
f 1411 1410 1315
f 1315 1410 1317
f 1410 1409 1317
f 1317 1409 1318
f 1409 1408 1318
f 1318 1408 1319
f 1408 1406 1319
f 1319 1406 1311
f 1406 1407 1311
f 1442 1455 1443
f 1455 1477 1443
f 1443 1477 1444
f 1477 1476 1444
f 1444 1476 1445
f 1476 1475 1445
f 1445 1475 1452
f 1475 1474 1452
f 1452 1474 1453
f 1474 1473 1453
f 1453 1473 1434
f 1473 1472 1434
f 1434 1472 1430
f 1472 1471 1430
f 1430 1471 1431
f 1471 1470 1431
f 1431 1470 1435
f 1470 1469 1435
f 1435 1469 1446
f 1469 1468 1446
f 1446 1468 1447
f 1468 1467 1447
f 1447 1467 1448
f 1467 1466 1448
f 1448 1466 1436
f 1466 1465 1436
f 1436 1465 1437
f 1465 1464 1437
f 1437 1464 1438
f 1464 1463 1438
f 1438 1463 1439
f 1463 1462 1439
f 1439 1462 1449
f 1462 1461 1449
f 1449 1461 1440
f 1461 1460 1440
f 1440 1460 1432
f 1460 1459 1432
f 1432 1459 1433
f 1459 1458 1433
f 1433 1458 1441
f 1458 1457 1441
f 1441 1457 1450
f 1457 1456 1450
f 1450 1456 1451
f 1456 1454 1451
f 1451 1454 1442
f 1454 1455 1442
f 595 530 618
f 530 521 618
f 618 521 617
f 521 528 617
f 617 528 616
f 528 522 616
f 616 522 615
f 522 523 615
f 615 523 614
f 523 510 614
f 614 510 613
f 510 509 613
f 613 509 612
f 509 511 612
f 612 511 611
f 511 507 611
f 611 507 610
f 507 508 610
f 610 508 609
f 508 524 609
f 609 524 608
f 524 514 608
f 608 514 607
f 514 525 607
f 607 525 606
f 525 526 606
f 606 526 605
f 526 516 605
f 605 516 604
f 516 515 604
f 604 515 603
f 515 518 603
f 603 518 602
f 518 517 602
f 602 517 601
f 517 519 601
f 601 519 600
f 519 520 600
f 600 520 599
f 520 513 599
f 599 513 598
f 513 512 598
f 598 512 597
f 512 527 597
f 597 527 596
f 527 529 596
f 596 529 595
f 529 530 595
f 625 624 65
f 65 624 66
f 624 623 66
f 66 623 68
f 623 622 68
f 68 622 69
f 622 621 69
f 69 621 87
f 65 84 625
f 84 101 625
f 625 101 626
f 101 50 626
f 626 50 627
f 50 54 627
f 627 54 628
f 54 95 628
f 628 95 629
f 95 57 629
f 629 57 630
f 57 73 630
f 630 73 631
f 73 111 631
f 631 111 632
f 111 97 632
f 632 97 633
f 97 96 633
f 633 96 634
f 96 126 634
f 634 126 635
f 126 115 635
f 635 115 636
f 115 116 636
f 636 116 637
f 116 75 637
f 637 75 638
f 75 61 638
f 638 61 639
f 61 76 639
f 639 76 640
f 76 79 640
f 640 79 641
f 79 64 641
f 641 64 642
f 64 80 642
f 642 80 643
f 80 99 643
f 643 99 619
f 99 87 619
f 619 87 620
f 87 621 620
f 1944 1946 1906
f 1896 1895 1934
f 1941 1942 1939
f 1934 1895 1889
f 1895 1894 1889
f 1889 1894 1893
f 1941 1939 1934
f 1939 1940 1934
f 1934 1940 1945
f 1946 1943 1906
f 1943 1937 1906
f 1906 1937 1938
f 1938 1935 1906
f 1935 1936 1906
f 1906 1936 1947
f 1901 1900 1896
f 1900 1899 1896
f 1899 1898 1896
f 1896 1898 1897
f 1893 1892 1889
f 1892 1891 1889
f 1889 1891 1890
f 1945 1944 1934
f 1944 1906 1934
f 1934 1906 1896
f 1906 1902 1896
f 1896 1902 1901
f 2031 2039 2030
f 2039 2042 2030
f 2030 2042 2033
f 2042 2041 2033
f 2033 2041 2034
f 2041 2040 2034
f 2034 2040 2032
f 2040 2038 2032
f 2032 2038 2035
f 2038 2037 2035
f 2035 2037 2036
f 2037 2043 2036
f 2015 2006 2029
f 2006 2027 2029
f 2029 2027 2028
f 2027 2025 2028
f 2028 2025 2026
f 2025 2023 2026
f 2026 2023 2024
f 2023 2021 2024
f 2024 2021 2022
f 2021 2018 2022
f 2022 2018 2020
f 2018 2019 2020
f 1969 1973 1967
f 1967 1973 1865
f 1974 1973 1964
f 1971 1972 1970
f 1972 1975 1970
f 1970 1975 1967
f 1975 1968 1967
f 1967 1968 1969
f 1874 1873 1867
f 1873 1871 1867
f 1867 1871 1869
f 1962 1963 1961
f 1963 1965 1961
f 1961 1965 1964
f 1965 1966 1964
f 1964 1966 1974
f 1867 1865 1874
f 1865 1973 1874
f 1874 1973 1862
f 1973 1974 1862
f 1862 1974 1846
f 1974 1852 1846
f 1846 1852 1851
f 1848 1847 1849
f 1847 1846 1849
f 1849 1846 1850
f 1846 1851 1850
f 2020 2019 2031
f 2019 2039 2031
f 1918 1916 1917
f 1916 1914 1917
f 1917 1914 1915
f 1914 1912 1915
f 1915 1912 1913
f 1912 1910 1913
f 1913 1910 1911
f 1910 1908 1911
f 1911 1908 1909
f 1908 1907 1909
f 1909 1907 1905
f 1907 1903 1905
f 1926 1919 1918
f 1919 1916 1918
f 1932 1925 1931
f 1925 1921 1931
f 1931 1921 1930
f 1921 1920 1930
f 1930 1920 1929
f 1920 1923 1929
f 1929 1923 1928
f 1923 1922 1928
f 1928 1922 1927
f 1922 1924 1927
f 1927 1924 1926
f 1924 1919 1926
f 1884 984 1883
f 984 979 1883
f 1883 979 1886
f 356 1880 1881
f 362 360 1877
f 360 356 1877
f 1877 356 1887
f 356 1881 1887
f 1886 979 1879
f 979 383 1879
f 1879 383 1885
f 1880 356 1878
f 356 354 1878
f 1878 354 1882
f 354 355 1882
f 1882 355 1888
f 368 366 1877
f 366 364 1877
f 1877 364 362
f 382 380 1875
f 380 378 1875
f 1875 378 376
f 382 1875 383
f 1875 1876 383
f 383 1876 1885
f 376 374 1875
f 374 371 1875
f 1875 371 1877
f 371 369 1877
f 1877 369 368
f 1282 1080 1298
f 1282 1298 1297
f 1298 1296 1297
f 1297 1296 1295
f 1296 1294 1295
f 1295 1294 1293
f 1294 1292 1293
f 1293 1292 1291
f 1292 1290 1291
f 1291 1290 1289
f 1290 1288 1289
f 1289 1288 1287
f 1288 1286 1287
f 1287 1286 1285
f 1286 1283 1285
f 1285 1283 1284
f 1284 1283 1313
f 1283 1372 1313
f 1313 1372 1393
f 1372 1394 1393
f 499 496 498
f 496 497 498
f 465 239 496
f 239 198 496
f 496 198 497
f 1282 1281 1080
f 1281 972 1080
f 970 969 1281
f 969 968 1281
f 1281 968 972
f 239 465 464
f 239 464 384
f 464 463 384
f 384 463 385
f 463 462 385
f 385 462 386
f 462 461 386
f 386 461 387
f 461 460 387
f 387 460 388
f 460 459 388
f 388 459 389
f 459 458 389
f 389 458 390
f 458 457 390
f 390 457 391
f 495 493 494
f 493 445 494
f 494 445 457
f 445 391 457
f 1843 1838 1820
f 1818 1854 1861
f 1862 1846 1861
f 1846 1843 1861
f 1861 1843 1818
f 1843 1820 1818
f 1402 1405 1398
f 1405 1399 1398
f 2008 2013 1864
f 1860 1819 1864
f 1819 1393 1864
f 2012 2014 1865
f 2007 2016 1990
f 2016 2006 1990
f 1990 2006 2015
f 1864 2013 1865
f 2013 2011 1865
f 1865 2011 2012
f 1393 2009 2003
f 1990 1967 2007
f 1967 1865 2007
f 2007 1865 2010
f 1865 2014 2010
f 2016 2017 2006
f 2017 2002 2006
f 2006 2002 1405
f 2002 2001 1405
f 1405 2001 1399
f 2001 2005 1399
f 1399 2005 1397
f 2005 2004 1397
f 1397 2004 1395
f 2004 1997 1395
f 1395 1997 1396
f 1997 1996 1396
f 1396 1996 1394
f 1996 1994 1394
f 1394 1994 1393
f 1994 1995 1393
f 1393 1995 2009
f 2003 1999 1393
f 1999 2000 1393
f 1393 2000 1864
f 2000 1993 1864
f 1864 1993 1991
f 1991 1992 1864
f 1992 1998 1864
f 1864 1998 2008
f 1862 1861 1874
f 1861 1872 1874
f 1874 1872 1873
f 1872 1870 1873
f 1873 1870 1871
f 1870 1868 1871
f 1871 1868 1869
f 1868 1866 1869
f 1869 1866 1867
f 1866 1863 1867
f 1867 1863 1865
f 1863 1864 1865
f 1852 1845 1851
f 1845 1842 1851
f 1851 1842 1850
f 1842 1841 1850
f 1850 1841 1849
f 1841 1840 1849
f 1849 1840 1848
f 1840 1839 1848
f 1848 1839 1847
f 1839 1844 1847
f 1847 1844 1846
f 1844 1843 1846
f 1400 1404 1401
f 1404 1403 1401
f 495 1826 1845
f 1826 1833 1845
f 2036 2043 2059
f 2065 2062 1852
f 2062 2063 1852
f 1852 2063 2057
f 2065 1852 2058
f 1852 1974 2058
f 2058 1974 2059
f 1974 1979 2059
f 2059 1979 2036
f 2057 2053 1852
f 2053 2054 1852
f 1852 2054 1845
f 2054 2051 1845
f 2051 2048 1845
f 1845 2048 2049
f 2049 2050 1845
f 2050 2047 1845
f 1845 2047 495
f 2047 2052 495
f 495 2052 2045
f 2045 2046 495
f 2046 2044 495
f 495 2044 493
f 2044 2056 493
f 493 2056 492
f 2056 2055 492
f 492 2055 491
f 2055 2066 491
f 491 2066 531
f 2066 2064 531
f 531 2064 1400
f 2064 2061 1400
f 1400 2061 1404
f 2061 2060 1404
f 1404 2060 2043
f 2060 2067 2043
f 2043 2067 2059
f 503 919 918
f 917 505 918
f 505 504 918
f 918 504 503
f 916 497 917
f 497 506 917
f 917 506 505
f 911 499 916
f 499 498 916
f 916 498 497
f 920 914 915
f 914 912 915
f 915 912 913
f 912 909 913
f 913 909 911
f 909 910 911
f 911 910 499
f 924 923 920
f 923 914 920
f 942 945 969
f 965 966 944
f 966 967 944
f 944 967 945
f 967 968 945
f 945 968 969
f 944 949 965
f 949 950 965
f 965 950 961
f 969 970 942
f 970 964 942
f 942 964 943
f 964 963 943
f 943 963 951
f 963 962 951
f 951 962 924
f 962 923 924
f 1116 1114 1115
f 1114 1112 1115
f 1114 1113 1112
f 1113 1111 1112
f 1112 1111 1109
f 1111 1110 1109
f 1110 1108 1109
f 1109 1108 1105
f 1108 1107 1105
f 1107 1106 1105
f 1105 1106 1102
f 1106 1104 1102
f 1104 1103 1102
f 1102 1103 1099
f 1079 1078 1100
f 1078 1099 1100
f 1100 1099 1101
f 1099 1103 1101
f 1035 1034 1079
f 1034 1078 1079
f 1034 1035 1033
f 1034 1033 1032
f 1033 1024 1032
f 1032 1024 1025
f 191 163 255
f 163 182 255
f 255 182 256
f 182 252 256
f 163 191 161
f 191 189 161
f 161 189 160
f 189 190 160
f 199 505 198
f 505 506 198
f 198 506 497
f 200 503 199
f 503 504 199
f 199 504 505
f 170 500 201
f 500 501 201
f 201 501 200
f 501 502 200
f 200 502 503
f 1394 1372 1385
f 1394 1385 1396
f 1385 1387 1396
f 1396 1387 1395
f 1397 1395 1248
f 1395 1387 1248
f 1118 1116 1117
f 1116 1115 1117
f 1522 1521 1126
f 1126 1521 1098
f 1521 1520 1098
f 1098 1520 1067
f 1466 1467 1048
f 1514 1454 1516
f 1454 1490 1516
f 1520 1526 1067
f 1526 1519 1067
f 1067 1519 1068
f 1519 1505 1068
f 1068 1505 1031
f 1505 1017 1031
f 1048 1467 1091
f 1510 1175 1509
f 1175 1174 1509
f 1509 1174 1513
f 1172 1179 1503
f 1179 1178 1503
f 1503 1178 1508
f 1178 1177 1508
f 1508 1177 1510
f 1177 1176 1510
f 1510 1176 1175
f 1331 1477 1455
f 1467 1468 1091
f 1468 1469 1091
f 1091 1469 1324
f 1469 1470 1324
f 1324 1470 1325
f 1470 1471 1325
f 1325 1471 1326
f 1471 1472 1326
f 1326 1472 1327
f 1472 1473 1327
f 1327 1473 1328
f 1126 1125 1522
f 1125 1124 1522
f 1522 1124 1523
f 1124 1123 1523
f 1523 1123 1524
f 1123 1122 1524
f 1524 1122 1525
f 1122 1121 1525
f 1525 1121 1517
f 1121 1120 1517
f 1517 1120 1518
f 1120 1172 1518
f 1518 1172 1504
f 1172 1503 1504
f 1328 1473 1329
f 1473 1474 1329
f 1329 1474 1330
f 1474 1475 1330
f 1330 1475 1331
f 1475 1476 1331
f 1331 1476 1477
f 1514 1515 1454
f 1515 1512 1454
f 1454 1512 1455
f 1512 1502 1455
f 1455 1502 1331
f 1238 1501 1239
f 1501 1500 1239
f 1239 1500 1240
f 1500 1494 1240
f 1240 1494 1241
f 1486 1491 1236
f 1491 1493 1236
f 1236 1493 1174
f 1493 1511 1174
f 1174 1511 1513
f 1505 1506 1017
f 1506 1499 1017
f 1017 1499 1015
f 1046 1049 1464
f 1454 1456 1490
f 1456 1457 1490
f 1490 1457 1458
f 1479 1489 1460
f 1489 1490 1460
f 1460 1490 1459
f 1490 1458 1459
f 1502 1498 1331
f 1498 1488 1331
f 1331 1488 1378
f 1488 1497 1378
f 1497 1487 1378
f 1378 1487 1379
f 1487 1496 1379
f 1379 1496 1380
f 1496 1495 1380
f 1380 1495 1238
f 1495 1507 1238
f 1238 1507 1501
f 1478 1484 1483
f 1491 1492 1493
f 1492 1483 1493
f 1493 1483 1485
f 1483 1484 1485
f 1241 1494 1242
f 1494 1482 1242
f 1242 1482 1243
f 1482 1480 1243
f 1243 1480 1236
f 1480 1481 1236
f 1236 1481 1486
f 1049 1050 1479
f 1050 1003 1479
f 1460 1461 1479
f 1461 1462 1479
f 1479 1462 1049
f 1462 1463 1049
f 1049 1463 1464
f 1483 1479 1478
f 1479 1003 1478
f 1478 1003 1499
f 1003 1002 1499
f 1499 1002 1015
f 1046 1464 1048
f 1464 1465 1048
f 1048 1465 1466
f 259 310 260
f 310 309 260
f 260 309 261
f 261 309 263
f 309 308 263
f 263 308 262
f 262 308 265
f 308 307 265
f 265 307 264
f 264 307 266
f 307 306 266
f 266 306 267
f 267 306 269
f 306 305 269
f 269 305 268
f 268 305 270
f 305 257 270
f 270 257 247
f 254 221 257
f 221 247 257
f 221 254 253
f 221 253 222
f 253 252 222
f 222 252 182
f 1024 983 981
f 981 980 1024
f 980 985 1024
f 1024 985 1025
f 981 983 978
f 983 982 978
f 978 982 977
f 982 976 977
f 922 500 170
f 358 170 357
f 170 160 357
f 357 160 190
f 358 359 170
f 359 361 170
f 170 361 363
f 375 377 975
f 377 379 975
f 975 379 976
f 379 381 976
f 976 381 977
f 958 953 975
f 953 952 975
f 975 952 375
f 363 932 170
f 932 934 170
f 170 934 922
f 952 954 375
f 954 955 375
f 375 955 373
f 955 956 373
f 373 956 372
f 956 370 372
f 956 957 370
f 957 937 370
f 370 937 367
f 937 926 367
f 926 925 367
f 367 925 365
f 925 928 365
f 365 928 363
f 928 930 363
f 363 930 932
f 971 966 965
f 971 965 973
f 958 975 959
f 975 974 959
f 959 974 960
f 974 973 960
f 960 973 961
f 973 965 961
f 966 971 967
f 971 972 967
f 967 972 968
f 445 493 492
f 445 492 466
f 492 491 466
f 466 491 467
f 485 467 531
f 467 491 531
f 1397 1248 1249
f 1401 1403 534
f 1403 1402 534
f 534 533 1401
f 533 532 1401
f 1401 532 1400
f 532 485 1400
f 1400 485 531
f 1397 1249 1399
f 1249 1250 1399
f 1399 1250 1398
f 1398 1250 1402
f 1250 1251 1402
f 1402 1251 534
f 1251 1252 534
f 534 1252 535
f 1252 1253 535
f 535 1253 536
f 1253 569 536
f 536 569 537
f 569 568 537
f 568 319 537
f 1229 1228 322
f 1227 1229 1192
f 322 1228 323
f 1192 1193 1227
f 1193 1194 1227
f 1227 1194 1226
f 1194 1118 1226
f 1226 1118 1117
f 1228 1230 323
f 1230 1225 323
f 323 1225 324
f 1225 317 324
f 324 317 311
f 1229 322 1192
f 322 321 1192
f 1192 321 1191
f 321 320 1191
f 1191 320 1190
f 320 319 1190
f 1190 319 568
f 317 310 311
f 310 259 311
f 129 51 101
f 133 49 48
f 101 51 50
f 133 48 141
f 48 47 141
f 141 47 140
f 47 46 140
f 140 46 143
f 138 136 38
f 136 137 38
f 137 55 38
f 38 55 39
f 139 142 109
f 142 124 109
f 109 124 123
f 124 122 123
f 117 130 118
f 130 131 118
f 118 131 132
f 131 120 132
f 132 120 122
f 120 121 122
f 122 121 123
f 90 87 99
f 49 133 26
f 133 134 26
f 26 134 27
f 134 106 27
f 27 106 28
f 106 91 28
f 28 91 29
f 118 119 117
f 119 105 117
f 117 105 103
f 105 104 103
f 103 104 102
f 104 88 102
f 102 88 90
f 87 100 70
f 90 99 63
f 111 58 97
f 58 98 97
f 97 98 96
f 98 113 96
f 96 113 126
f 41 40 56
f 88 89 90
f 89 85 90
f 90 85 87
f 85 86 87
f 87 86 100
f 67 81 65
f 81 82 65
f 65 82 84
f 82 83 84
f 84 83 101
f 83 128 101
f 101 128 129
f 143 46 112
f 46 45 112
f 112 45 74
f 45 44 74
f 74 44 72
f 44 43 72
f 72 43 42
f 38 37 138
f 37 36 138
f 138 36 135
f 36 35 135
f 135 35 125
f 35 34 125
f 125 34 108
f 34 33 108
f 108 33 94
f 33 32 94
f 94 32 93
f 32 31 93
f 93 31 107
f 31 30 107
f 107 30 71
f 30 29 71
f 71 29 92
f 29 91 92
f 65 66 67
f 66 68 67
f 67 68 70
f 68 69 70
f 70 69 87
f 61 77 76
f 77 78 76
f 76 78 79
f 78 62 79
f 79 62 64
f 62 63 64
f 64 63 80
f 63 99 80
f 126 113 115
f 113 114 115
f 115 114 116
f 114 127 116
f 116 127 75
f 127 59 75
f 75 59 61
f 59 60 61
f 61 60 77
f 111 73 58
f 73 57 58
f 58 57 52
f 57 95 52
f 52 95 54
f 139 109 110
f 109 72 110
f 110 72 56
f 72 42 56
f 56 42 41
f 54 50 52
f 50 51 52
f 52 51 53
f 51 56 53
f 53 56 55
f 56 40 55
f 55 40 39
f 355 354 256
f 354 255 256
f 979 984 980
f 984 985 980
f 255 354 191
f 354 189 191
f 189 354 190
f 354 356 190
f 190 356 357
f 369 367 368
f 367 365 368
f 368 365 366
f 365 363 366
f 366 363 364
f 363 361 364
f 364 361 362
f 361 359 362
f 362 359 360
f 359 358 360
f 360 358 356
f 358 357 356
f 371 370 369
f 370 367 369
f 383 381 382
f 381 379 382
f 382 379 380
f 379 377 380
f 380 377 378
f 377 375 378
f 378 375 376
f 375 373 376
f 376 373 374
f 373 372 374
f 374 372 371
f 372 370 371
f 980 981 979
f 981 978 979
f 979 978 383
f 978 977 383
f 383 977 381
f 985 984 1025
f 984 1884 1025
f 1025 1884 1032
f 1884 1034 1032
f 1102 1099 1884
f 1099 1078 1884
f 1884 1078 1034
f 1905 1903 1904
f 1903 1884 1904
f 1904 1884 1906
f 1884 1902 1906
f 1112 1109 1884
f 1109 1105 1884
f 1884 1105 1102
f 1229 1227 1279
f 1227 1226 1279
f 1279 1226 1903
f 1226 1117 1903
f 1903 1117 1884
f 1117 1115 1884
f 1884 1115 1112
f 1230 1228 1280
f 1925 1932 1933
f 355 256 1888
f 256 252 1888
f 1888 252 253
f 253 254 1888
f 254 257 1888
f 1888 257 305
f 305 306 1888
f 306 307 1888
f 1888 307 308
f 308 309 1888
f 309 310 1888
f 1888 310 317
f 1934 1889 1933
f 1889 1888 1933
f 1933 1888 1925
f 1888 317 1925
f 1925 317 1280
f 317 1225 1280
f 1280 1225 1230
f 938 937 948
f 937 957 948
f 948 957 940
f 957 956 940
f 940 956 941
f 956 955 941
f 941 955 946
f 955 954 946
f 946 954 939
f 954 952 939
f 939 952 947
f 952 953 947
f 927 926 938
f 926 937 938
f 921 922 936
f 922 934 936
f 936 934 935
f 934 932 935
f 935 932 933
f 932 930 933
f 933 930 931
f 930 928 931
f 931 928 929
f 928 925 929
f 929 925 927
f 925 926 927
f 503 502 919
f 502 501 919
f 919 501 921
f 501 500 921
f 921 500 922
f 391 445 393
f 445 446 393
f 393 446 392
f 446 447 392
f 392 447 395
f 447 448 395
f 395 448 394
f 448 450 394
f 394 450 397
f 450 449 397
f 397 449 396
f 449 451 396
f 396 451 399
f 451 452 399
f 399 452 398
f 452 453 398
f 398 453 401
f 453 454 401
f 401 454 400
f 454 455 400
f 400 455 402
f 455 456 402
f 402 456 63
f 456 90 63
f 134 133 316
f 134 316 274
f 316 315 274
f 274 315 273
f 315 314 273
f 273 314 272
f 314 313 272
f 272 313 271
f 313 312 271
f 271 312 258
f 312 311 258
f 258 311 259
f 470 473 479
f 451 449 479
f 472 475 480
f 453 452 480
f 481 102 90
f 103 102 478
f 102 481 478
f 478 481 476
f 481 482 476
f 476 482 477
f 482 474 477
f 454 482 455
f 482 481 455
f 455 481 456
f 481 90 456
f 454 453 482
f 453 480 482
f 482 480 474
f 480 475 474
f 452 451 480
f 451 479 480
f 480 479 472
f 479 473 472
f 449 450 479
f 450 483 479
f 479 483 470
f 484 468 483
f 468 471 483
f 483 471 470
f 466 467 484
f 467 469 484
f 484 469 468
f 450 448 483
f 448 447 483
f 483 447 484
f 447 446 484
f 484 446 466
f 446 445 466
f 133 141 316
f 141 329 316
f 316 329 315
f 329 330 315
f 315 330 314
f 330 331 314
f 314 331 313
f 331 332 313
f 313 332 312
f 332 333 312
f 312 333 311
f 333 324 311
f 141 140 329
f 140 334 329
f 329 334 330
f 334 335 330
f 330 335 331
f 335 336 331
f 331 336 332
f 336 337 332
f 332 337 333
f 337 338 333
f 333 338 324
f 338 323 324
f 140 143 334
f 143 339 334
f 334 339 335
f 339 340 335
f 335 340 336
f 340 341 336
f 336 341 337
f 341 342 337
f 337 342 338
f 342 343 338
f 338 343 323
f 343 322 323
f 143 112 339
f 112 344 339
f 339 344 340
f 344 345 340
f 340 345 341
f 345 346 341
f 341 346 342
f 346 347 342
f 342 347 343
f 347 348 343
f 343 348 322
f 348 321 322
f 112 74 344
f 74 349 344
f 344 349 345
f 349 350 345
f 345 350 346
f 350 351 346
f 346 351 347
f 351 352 347
f 347 352 348
f 352 353 348
f 348 353 321
f 353 320 321
f 74 72 349
f 72 328 349
f 349 328 350
f 328 327 350
f 350 327 351
f 327 326 351
f 351 326 352
f 326 325 352
f 352 325 353
f 325 318 353
f 353 318 320
f 318 319 320
f 103 478 117
f 478 490 117
f 478 476 490
f 476 477 490
f 490 477 489
f 477 474 489
f 474 475 489
f 489 475 488
f 475 472 488
f 472 473 488
f 488 473 487
f 473 470 487
f 470 471 487
f 487 471 486
f 467 485 469
f 485 486 469
f 469 486 468
f 486 471 468
f 72 109 542
f 72 542 328
f 542 541 328
f 328 541 327
f 541 540 327
f 327 540 326
f 540 539 326
f 326 539 325
f 539 538 325
f 325 538 318
f 538 537 318
f 318 537 319
f 109 123 542
f 123 543 542
f 542 543 541
f 543 544 541
f 541 544 540
f 544 545 540
f 540 545 539
f 545 546 539
f 539 546 538
f 546 547 538
f 538 547 537
f 547 536 537
f 123 121 543
f 121 548 543
f 543 548 544
f 548 549 544
f 544 549 545
f 549 550 545
f 545 550 546
f 550 551 546
f 546 551 547
f 551 552 547
f 547 552 536
f 552 535 536
f 121 120 548
f 120 553 548
f 548 553 549
f 553 554 549
f 549 554 550
f 554 555 550
f 550 555 551
f 555 556 551
f 551 556 552
f 556 557 552
f 552 557 535
f 557 534 535
f 120 131 553
f 131 558 553
f 553 558 554
f 558 559 554
f 554 559 555
f 559 560 555
f 555 560 556
f 560 561 556
f 556 561 557
f 561 562 557
f 557 562 534
f 562 533 534
f 131 130 558
f 130 563 558
f 558 563 559
f 563 564 559
f 559 564 560
f 564 565 560
f 560 565 561
f 565 566 561
f 561 566 562
f 566 567 562
f 562 567 533
f 567 532 533
f 130 117 563
f 117 490 563
f 563 490 564
f 490 489 564
f 564 489 565
f 489 488 565
f 565 488 566
f 488 487 566
f 566 487 567
f 487 486 567
f 567 486 532
f 486 485 532
f 924 920 927
f 918 919 920
f 927 938 924
f 938 947 924
f 924 947 950
f 920 919 927
f 919 921 927
f 927 921 929
f 950 949 924
f 949 944 924
f 924 944 945
f 945 942 924
f 942 943 924
f 924 943 951
f 911 920 913
f 920 915 913
f 936 935 933
f 938 948 947
f 948 940 947
f 947 940 939
f 940 941 939
f 939 941 946
f 911 916 920
f 916 917 920
f 920 917 918
f 936 933 921
f 933 931 921
f 921 931 929
f 1403 1404 1402
f 1404 1405 1402
f 1229 1279 1228
f 1279 1280 1228
f 1872 1861 1854
f 1866 1860 1863
f 1860 1864 1863
f 1872 1854 1870
f 1856 1868 1855
f 1868 1870 1855
f 1855 1870 1853
f 1870 1854 1853
f 1856 1857 1868
f 1857 1858 1868
f 1868 1858 1866
f 1858 1859 1866
f 1866 1859 1860
f 1839 1838 1844
f 1838 1843 1844
f 1832 1834 1841
f 1834 1840 1841
f 1832 1841 1833
f 1841 1842 1833
f 1833 1842 1845
f 1834 1835 1840
f 1835 1836 1840
f 1840 1836 1839
f 1836 1837 1839
f 1839 1837 1838
f 1820 1838 1821
f 1838 1837 1821
f 1821 1837 1829
f 1837 1836 1829
f 1829 1836 1827
f 1836 1835 1827
f 1827 1835 1828
f 1835 1834 1828
f 1828 1834 1831
f 1834 1832 1831
f 1831 1832 1826
f 1832 1833 1826
f 1819 1860 1822
f 1860 1859 1822
f 1822 1859 1825
f 1859 1858 1825
f 1825 1858 1823
f 1858 1857 1823
f 1823 1857 1824
f 1857 1856 1824
f 1824 1856 1830
f 1856 1855 1830
f 1830 1855 1817
f 1855 1853 1817
f 1817 1853 1818
f 1853 1854 1818
f 642 643 595
f 643 619 595
f 595 619 596
f 619 620 596
f 596 620 597
f 620 621 597
f 597 621 598
f 621 622 598
f 598 622 599
f 622 623 599
f 599 623 600
f 623 624 600
f 600 624 601
f 624 625 601
f 601 625 602
f 625 626 602
f 602 626 603
f 626 627 603
f 603 627 604
f 627 628 604
f 604 628 605
f 628 629 605
f 605 629 606
f 629 630 606
f 606 630 607
f 630 631 607
f 607 631 608
f 631 632 608
f 608 632 609
f 632 633 609
f 609 633 610
f 633 634 610
f 610 634 611
f 634 635 611
f 611 635 612
f 635 636 612
f 612 636 613
f 636 637 613
f 613 637 614
f 637 638 614
f 614 638 615
f 638 639 615
f 615 639 616
f 639 640 616
f 616 640 617
f 640 641 617
f 617 641 618
f 641 642 618
f 618 642 595
f 1422 1431 1421
f 1431 1435 1421
f 1421 1435 1420
f 1435 1446 1420
f 1420 1446 1419
f 1446 1447 1419
f 1419 1447 1418
f 1447 1448 1418
f 1418 1448 1417
f 1448 1436 1417
f 1417 1436 1416
f 1436 1437 1416
f 1416 1437 1415
f 1437 1438 1415
f 1415 1438 1414
f 1438 1439 1414
f 1414 1439 1413
f 1439 1449 1413
f 1413 1449 1412
f 1449 1440 1412
f 1412 1440 1411
f 1440 1432 1411
f 1411 1432 1410
f 1432 1433 1410
f 1410 1433 1409
f 1433 1441 1409
f 1409 1441 1408
f 1441 1450 1408
f 1408 1450 1406
f 1450 1451 1406
f 1406 1451 1407
f 1451 1442 1407
f 1407 1442 1429
f 1442 1443 1429
f 1429 1443 1428
f 1443 1444 1428
f 1428 1444 1427
f 1444 1445 1427
f 1427 1445 1426
f 1445 1452 1426
f 1426 1452 1425
f 1452 1453 1425
f 1425 1453 1424
f 1453 1434 1424
f 1424 1434 1423
f 1434 1430 1423
f 1423 1430 1422
f 1430 1431 1422
f 22 23 25
f 23 24 25
f 25 24 1
f 19 20 25
f 20 21 25
f 25 21 22
f 16 17 25
f 17 18 25
f 25 18 19
f 13 14 25
f 14 15 25
f 25 15 16
f 10 11 25
f 11 12 25
f 25 12 13
f 7 8 25
f 8 9 25
f 25 9 10
f 4 5 25
f 5 6 25
f 25 6 7
f 1 2 25
f 2 3 25
f 25 3 4
f 583 581 645
f 581 582 645
f 645 582 644
f 582 580 644
f 644 580 657
f 580 579 657
f 657 579 650
f 579 578 650
f 650 578 651
f 578 577 651
f 651 577 665
f 577 576 665
f 665 576 658
f 576 575 658
f 658 575 659
f 575 574 659
f 659 574 666
f 574 573 666
f 666 573 652
f 573 572 652
f 652 572 653
f 572 571 653
f 653 571 660
f 571 570 660
f 660 570 667
f 570 594 667
f 667 594 661
f 594 593 661
f 661 593 662
f 593 592 662
f 662 592 654
f 592 591 654
f 654 591 646
f 591 590 646
f 646 590 647
f 590 589 647
f 647 589 655
f 589 588 655
f 655 588 656
f 588 587 656
f 656 587 663
f 587 586 663
f 663 586 664
f 586 585 664
f 664 585 648
f 585 584 648
f 648 584 649
f 584 583 649
f 649 583 645
f 1556 1557 1588
f 1557 1559 1588
f 1588 1559 1595
f 1559 1558 1595
f 1595 1558 1596
f 1558 1560 1596
f 1596 1560 1597
f 1560 1561 1597
f 1597 1561 1600
f 1561 1562 1600
f 1600 1562 1585
f 1562 1563 1585
f 1585 1563 1580
f 1563 1564 1580
f 1580 1564 1581
f 1564 1565 1581
f 1581 1565 1589
f 1565 1566 1589
f 1589 1566 1598
f 1566 1567 1598
f 1598 1567 1599
f 1567 1568 1599
f 1599 1568 1590
f 1568 1569 1590
f 1590 1569 1591
f 1569 1570 1591
f 1591 1570 1582
f 1570 1571 1582
f 1582 1571 1583
f 1571 1572 1583
f 1583 1572 1586
f 1572 1573 1586
f 1586 1573 1587
f 1573 1574 1587
f 1587 1574 1579
f 1574 1575 1579
f 1579 1575 1577
f 1575 1576 1577
f 1577 1576 1578
f 1576 1553 1578
f 1578 1553 1584
f 1553 1552 1584
f 1584 1552 1592
f 1552 1554 1592
f 1592 1554 1593
f 1554 1555 1593
f 1593 1555 1594
f 1555 1556 1594
f 1594 1556 1588
f 1547 1548 1551
f 1548 1549 1551
f 1551 1549 1550
f 1544 1545 1551
f 1545 1546 1551
f 1551 1546 1547
f 1541 1542 1551
f 1542 1543 1551
f 1551 1543 1544
f 1538 1539 1551
f 1539 1540 1551
f 1551 1540 1541
f 1535 1536 1551
f 1536 1537 1551
f 1551 1537 1538
f 1532 1533 1551
f 1533 1534 1551
f 1551 1534 1535
f 1529 1530 1551
f 1530 1531 1551
f 1551 1531 1532
f 1550 1527 1551
f 1527 1528 1551
f 1551 1528 1529
f 655 669 647
f 669 670 647
f 647 670 646
f 670 671 646
f 646 671 654
f 671 672 654
f 654 672 662
f 672 673 662
f 662 673 661
f 673 674 661
f 661 674 667
f 674 675 667
f 667 675 660
f 675 676 660
f 660 676 653
f 676 677 653
f 653 677 652
f 677 678 652
f 652 678 666
f 678 679 666
f 666 679 659
f 679 680 659
f 659 680 658
f 680 681 658
f 658 681 665
f 681 682 665
f 665 682 651
f 682 683 651
f 651 683 650
f 683 684 650
f 650 684 657
f 684 685 657
f 657 685 644
f 685 686 644
f 644 686 645
f 686 687 645
f 645 687 649
f 687 688 649
f 649 688 648
f 688 689 648
f 648 689 664
f 689 690 664
f 664 690 663
f 690 691 663
f 663 691 656
f 691 668 656
f 656 668 655
f 668 669 655
f 2077 2092 2064
f 2092 2076 2064
f 2064 2076 2061
f 2076 2075 2061
f 2061 2075 2060
f 2075 2074 2060
f 2060 2074 2067
f 2074 2073 2067
f 2067 2073 2059
f 2073 2072 2059
f 2059 2072 2058
f 2072 2071 2058
f 2058 2071 2065
f 2071 2070 2065
f 2065 2070 2062
f 2070 2069 2062
f 2062 2069 2063
f 2069 2068 2063
f 2063 2068 2057
f 2068 2091 2057
f 2057 2091 2053
f 2091 2090 2053
f 2053 2090 2054
f 2090 2089 2054
f 2054 2089 2051
f 2089 2088 2051
f 2051 2088 2048
f 2088 2087 2048
f 2048 2087 2049
f 2087 2086 2049
f 2049 2086 2050
f 2086 2085 2050
f 2050 2085 2047
f 2085 2084 2047
f 2047 2084 2052
f 2084 2083 2052
f 2052 2083 2045
f 2083 2082 2045
f 2045 2082 2046
f 2082 2081 2046
f 2046 2081 2044
f 2081 2080 2044
f 2044 2080 2056
f 2080 2079 2056
f 2056 2079 2055
f 2079 2078 2055
f 2055 2078 2066
f 2078 2077 2066
f 2066 2077 2064
f 2092 2077 2093
f 2074 2075 2093
f 2075 2076 2093
f 2093 2076 2092
f 2071 2072 2093
f 2072 2073 2093
f 2093 2073 2074
f 2068 2069 2093
f 2069 2070 2093
f 2093 2070 2071
f 2089 2090 2093
f 2090 2091 2093
f 2093 2091 2068
f 2086 2087 2093
f 2087 2088 2093
f 2093 2088 2089
f 2083 2084 2093
f 2084 2085 2093
f 2093 2085 2086
f 2080 2081 2093
f 2081 2082 2093
f 2093 2082 2083
f 2077 2078 2093
f 2078 2079 2093
f 2093 2079 2080
f 1997 2106 1996
f 2106 2107 1996
f 1996 2107 1994
f 2107 2108 1994
f 1994 2108 1995
f 2108 2109 1995
f 1995 2109 2009
f 2109 2110 2009
f 2009 2110 2003
f 2110 2111 2003
f 2003 2111 1999
f 2111 2112 1999
f 1999 2112 2000
f 2112 2113 2000
f 2000 2113 1993
f 2113 2114 1993
f 1993 2114 1991
f 1991 2114 1992
f 2114 2115 1992
f 1992 2115 1998
f 2115 2116 1998
f 1998 2116 2008
f 2116 2117 2008
f 2008 2117 2013
f 2117 2118 2013
f 2013 2118 2011
f 2118 2094 2011
f 2011 2094 2012
f 2094 2095 2012
f 2012 2095 2014
f 2095 2096 2014
f 2014 2096 2010
f 2096 2097 2010
f 2010 2097 2007
f 2097 2098 2007
f 2007 2098 2016
f 2098 2099 2016
f 2016 2099 2017
f 2099 2100 2017
f 2017 2100 2002
f 2100 2101 2002
f 2002 2101 2001
f 2101 2102 2001
f 2001 2102 2005
f 2102 2103 2005
f 2005 2103 2004
f 2103 2104 2004
f 2004 2104 1997
f 2104 2105 1997
f 1997 2105 2106
f 2105 2104 2119
f 2108 2107 2119
f 2107 2106 2119
f 2119 2106 2105
f 2111 2110 2119
f 2110 2109 2119
f 2119 2109 2108
f 2114 2113 2119
f 2113 2112 2119
f 2119 2112 2111
f 2117 2116 2119
f 2116 2115 2119
f 2119 2115 2114
f 2095 2094 2119
f 2094 2118 2119
f 2119 2118 2117
f 2098 2097 2119
f 2097 2096 2119
f 2119 2096 2095
f 2101 2100 2119
f 2100 2099 2119
f 2119 2099 2098
f 2104 2103 2119
f 2103 2102 2119
f 2119 2102 2101
f 712 716 668
f 716 713 668
f 668 713 669
f 713 714 669
f 669 714 670
f 714 715 670
f 670 715 671
f 715 703 671
f 671 703 672
f 703 694 672
f 672 694 673
f 694 695 673
f 673 695 674
f 695 692 674
f 674 692 675
f 692 693 675
f 675 693 676
f 693 696 676
f 676 696 677
f 696 697 677
f 677 697 678
f 697 698 678
f 678 698 679
f 698 704 679
f 679 704 680
f 704 708 680
f 680 708 681
f 708 709 681
f 681 709 682
f 709 699 682
f 682 699 683
f 699 700 683
f 683 700 684
f 700 701 684
f 684 701 685
f 701 702 685
f 685 702 686
f 702 705 686
f 686 705 687
f 705 706 687
f 687 706 688
f 706 707 688
f 688 707 689
f 707 710 689
f 689 710 690
f 710 711 690
f 690 711 691
f 711 712 691
f 691 712 668
f 261 263 275
f 262 265 276
f 264 266 277
f 268 270 278
f 107 71 279
f 71 280 279
f 279 280 281
f 280 282 281
f 281 282 283
f 282 284 283
f 283 284 285
f 284 286 285
f 285 286 287
f 286 277 287
f 94 93 251
f 93 288 251
f 251 288 250
f 288 289 250
f 250 289 249
f 289 290 249
f 249 290 248
f 290 291 248
f 248 291 246
f 291 278 246
f 246 278 247
f 278 270 247
f 269 268 287
f 268 278 287
f 287 278 285
f 278 291 285
f 285 291 283
f 291 290 283
f 283 290 281
f 290 289 281
f 281 289 279
f 289 288 279
f 279 288 107
f 288 93 107
f 277 266 287
f 266 267 287
f 287 267 269
f 265 264 276
f 264 277 276
f 276 277 292
f 277 286 292
f 292 286 293
f 286 284 293
f 293 284 294
f 284 282 294
f 294 282 295
f 282 280 295
f 295 280 92
f 280 71 92
f 263 262 275
f 262 276 275
f 275 276 296
f 276 292 296
f 296 292 297
f 292 293 297
f 297 293 298
f 293 294 298
f 298 294 299
f 294 295 299
f 299 295 91
f 295 92 91
f 260 261 300
f 261 275 300
f 300 275 301
f 275 296 301
f 301 296 302
f 296 297 302
f 302 297 303
f 297 298 303
f 303 298 304
f 298 299 304
f 304 299 106
f 299 91 106
f 106 134 304
f 134 274 304
f 304 274 303
f 274 273 303
f 303 273 302
f 273 272 302
f 302 272 301
f 272 271 301
f 301 271 300
f 271 258 300
f 300 258 260
f 258 259 260
f 400 402 403
f 402 63 62
f 402 62 403
f 62 78 403
f 403 78 404
f 78 77 404
f 404 77 405
f 77 60 405
f 405 60 406
f 60 59 406
f 406 59 407
f 59 127 407
f 407 127 408
f 127 114 408
f 408 114 409
f 114 113 409
f 409 113 245
f 398 401 410
f 401 400 410
f 400 403 410
f 403 404 410
f 410 404 411
f 404 405 411
f 411 405 412
f 405 406 412
f 412 406 413
f 406 407 413
f 413 407 414
f 407 408 414
f 414 408 415
f 408 409 415
f 415 409 416
f 409 245 416
f 416 245 244
f 396 399 417
f 399 398 417
f 398 410 417
f 410 411 417
f 417 411 418
f 411 412 418
f 418 412 419
f 412 413 419
f 419 413 420
f 413 414 420
f 420 414 421
f 414 415 421
f 421 415 422
f 415 416 422
f 422 416 423
f 416 244 423
f 423 244 243
f 394 397 424
f 397 396 424
f 396 417 424
f 417 418 424
f 424 418 425
f 418 419 425
f 425 419 426
f 419 420 426
f 426 420 427
f 420 421 427
f 427 421 428
f 421 422 428
f 428 422 429
f 422 423 429
f 429 423 430
f 423 243 430
f 430 243 242
f 392 395 431
f 395 394 431
f 394 424 431
f 424 425 431
f 431 425 432
f 425 426 432
f 432 426 433
f 426 427 433
f 433 427 434
f 427 428 434
f 434 428 435
f 428 429 435
f 435 429 436
f 429 430 436
f 436 430 437
f 430 242 437
f 437 242 241
f 391 393 438
f 393 392 438
f 392 431 438
f 431 432 438
f 438 432 439
f 432 433 439
f 439 433 440
f 433 434 440
f 440 434 441
f 434 435 441
f 441 435 442
f 435 436 442
f 442 436 443
f 436 437 443
f 443 437 444
f 437 241 444
f 444 241 240
f 391 438 390
f 438 439 390
f 390 439 389
f 439 440 389
f 389 440 388
f 440 441 388
f 388 441 387
f 441 442 387
f 387 442 386
f 442 443 386
f 386 443 385
f 443 444 385
f 385 444 384
f 444 240 384
f 384 240 239
f 108 94 232
f 94 251 232
f 232 251 231
f 231 251 230
f 251 250 230
f 230 250 229
f 229 250 228
f 250 249 228
f 228 249 227
f 227 249 226
f 249 248 226
f 226 248 225
f 225 248 224
f 248 246 224
f 224 246 223
f 223 246 220
f 246 247 220
f 220 247 221
f 113 98 192
f 113 192 245
f 192 193 245
f 245 193 244
f 193 194 244
f 244 194 243
f 194 195 243
f 243 195 242
f 195 196 242
f 242 196 241
f 196 197 241
f 241 197 240
f 197 198 240
f 240 198 239
f 233 125 108
f 108 232 233
f 232 231 233
f 233 231 234
f 231 230 234
f 230 229 234
f 234 229 235
f 229 228 235
f 228 227 235
f 235 227 236
f 227 226 236
f 226 225 236
f 236 225 237
f 135 125 188
f 125 233 188
f 188 233 187
f 233 234 187
f 187 234 186
f 234 235 186
f 186 235 185
f 235 236 185
f 185 236 184
f 236 237 184
f 184 237 183
f 237 238 183
f 183 238 182
f 238 222 182
f 225 224 237
f 224 223 237
f 237 223 238
f 223 220 238
f 238 220 222
f 220 221 222
f 170 201 171
f 201 202 171
f 171 202 172
f 202 203 172
f 204 175 203
f 175 173 203
f 203 173 172
f 205 177 204
f 177 174 204
f 204 174 175
f 206 179 205
f 179 176 205
f 205 176 177
f 207 180 206
f 180 178 206
f 206 178 179
f 53 55 207
f 55 181 207
f 207 181 180
f 201 200 202
f 200 208 202
f 202 208 203
f 208 209 203
f 203 209 204
f 209 210 204
f 204 210 205
f 210 211 205
f 205 211 206
f 211 212 206
f 206 212 207
f 212 213 207
f 207 213 53
f 213 52 53
f 200 199 208
f 199 214 208
f 208 214 209
f 214 215 209
f 209 215 210
f 215 216 210
f 210 216 211
f 216 217 211
f 211 217 212
f 217 218 212
f 212 218 213
f 218 219 213
f 213 219 52
f 219 58 52
f 199 198 214
f 198 197 214
f 214 197 215
f 197 196 215
f 215 196 216
f 196 195 216
f 216 195 217
f 195 194 217
f 217 194 218
f 194 193 218
f 218 193 219
f 193 192 219
f 219 192 58
f 192 98 58
f 138 135 188
f 138 188 147
f 188 187 147
f 147 187 150
f 187 186 150
f 150 186 153
f 186 185 153
f 153 185 156
f 185 184 156
f 156 184 159
f 184 183 159
f 159 183 162
f 183 182 162
f 162 182 163
f 160 170 158
f 170 171 158
f 158 171 157
f 171 172 157
f 157 172 155
f 172 173 155
f 155 173 154
f 173 175 154
f 154 175 152
f 175 174 152
f 152 174 151
f 174 177 151
f 151 177 149
f 177 176 149
f 149 176 148
f 176 179 148
f 148 179 146
f 179 178 146
f 146 178 145
f 178 180 145
f 145 180 144
f 180 181 144
f 144 181 137
f 181 55 137
f 164 161 160
f 160 158 164
f 158 157 164
f 164 157 165
f 157 155 165
f 155 154 165
f 165 154 166
f 154 152 166
f 152 151 166
f 166 151 167
f 151 149 167
f 149 148 167
f 167 148 168
f 163 161 162
f 161 164 162
f 162 164 159
f 164 165 159
f 159 165 156
f 165 166 156
f 156 166 153
f 166 167 153
f 153 167 150
f 167 168 150
f 150 168 147
f 168 169 147
f 147 169 138
f 169 136 138
f 148 146 168
f 146 145 168
f 168 145 169
f 145 144 169
f 169 144 136
f 144 137 136
f 569 1253 1231
f 1253 1254 1231
f 1231 1254 1232
f 1254 1255 1232
f 1232 1255 1233
f 1255 1256 1233
f 1233 1256 1234
f 1256 1257 1234
f 1234 1257 1235
f 1257 1258 1235
f 1235 1258 1236
f 1258 1243 1236
f 1253 1252 1254
f 1252 1259 1254
f 1254 1259 1255
f 1259 1260 1255
f 1255 1260 1256
f 1260 1261 1256
f 1256 1261 1257
f 1261 1262 1257
f 1257 1262 1258
f 1262 1263 1258
f 1258 1263 1243
f 1263 1242 1243
f 1252 1251 1259
f 1251 1264 1259
f 1259 1264 1260
f 1264 1265 1260
f 1260 1265 1261
f 1265 1266 1261
f 1261 1266 1262
f 1266 1267 1262
f 1262 1267 1263
f 1267 1268 1263
f 1263 1268 1242
f 1268 1241 1242
f 1251 1250 1264
f 1250 1269 1264
f 1264 1269 1265
f 1269 1270 1265
f 1265 1270 1266
f 1270 1271 1266
f 1266 1271 1267
f 1271 1272 1267
f 1267 1272 1268
f 1272 1273 1268
f 1268 1273 1241
f 1273 1240 1241
f 1250 1249 1269
f 1249 1274 1269
f 1269 1274 1270
f 1274 1275 1270
f 1270 1275 1271
f 1275 1276 1271
f 1271 1276 1272
f 1276 1277 1272
f 1272 1277 1273
f 1277 1278 1273
f 1273 1278 1240
f 1278 1239 1240
f 1249 1248 1274
f 1248 1247 1274
f 1274 1247 1275
f 1247 1246 1275
f 1275 1246 1276
f 1246 1245 1276
f 1276 1245 1277
f 1245 1244 1277
f 1277 1244 1278
f 1244 1237 1278
f 1278 1237 1239
f 1237 1238 1239
f 1174 1173 1236
f 1173 1235 1236
f 1173 1180 1235
f 1180 1181 1235
f 1235 1181 1234
f 1181 1182 1234
f 1182 1183 1234
f 1234 1183 1233
f 1183 1184 1233
f 1233 1184 1232
f 1184 1185 1232
f 1185 1186 1232
f 1232 1186 1231
f 1186 1187 1231
f 1187 1188 1231
f 1231 1188 569
f 1188 1189 569
f 569 1189 568
f 1380 1238 1237
f 1380 1237 1381
f 1237 1244 1381
f 1381 1244 1382
f 1244 1245 1382
f 1382 1245 1383
f 1245 1246 1383
f 1383 1246 1384
f 1246 1247 1384
f 1384 1247 1386
f 1247 1248 1386
f 1386 1248 1387
f 1195 1190 568
f 1118 1194 1161
f 1194 1196 1161
f 1161 1196 1163
f 1196 1197 1163
f 568 1189 1195
f 1189 1188 1195
f 1195 1188 1198
f 1199 1165 1197
f 1165 1162 1197
f 1197 1162 1163
f 1188 1187 1198
f 1187 1186 1198
f 1198 1186 1200
f 1201 1167 1199
f 1167 1164 1199
f 1199 1164 1165
f 1186 1185 1200
f 1185 1184 1200
f 1200 1184 1202
f 1171 1168 1203
f 1168 1169 1203
f 1203 1169 1201
f 1169 1166 1201
f 1201 1166 1167
f 1194 1193 1196
f 1193 1204 1196
f 1196 1204 1197
f 1204 1205 1197
f 1197 1205 1199
f 1205 1206 1199
f 1199 1206 1201
f 1206 1207 1201
f 1201 1207 1203
f 1207 1208 1203
f 1193 1192 1204
f 1192 1209 1204
f 1204 1209 1205
f 1209 1210 1205
f 1205 1210 1206
f 1210 1211 1206
f 1206 1211 1207
f 1211 1212 1207
f 1207 1212 1208
f 1212 1213 1208
f 1192 1191 1209
f 1191 1214 1209
f 1209 1214 1210
f 1214 1215 1210
f 1210 1215 1211
f 1215 1216 1211
f 1211 1216 1212
f 1216 1217 1212
f 1212 1217 1213
f 1217 1218 1213
f 1191 1190 1214
f 1190 1195 1214
f 1214 1195 1215
f 1195 1198 1215
f 1215 1198 1216
f 1198 1200 1216
f 1216 1200 1217
f 1200 1202 1217
f 1217 1202 1218
f 1202 1219 1218
f 1172 1170 1220
f 1170 1171 1220
f 1184 1183 1202
f 1183 1182 1202
f 1202 1182 1219
f 1182 1181 1219
f 1219 1181 1180
f 1171 1203 1220
f 1203 1208 1220
f 1220 1208 1221
f 1208 1213 1221
f 1221 1213 1222
f 1213 1218 1222
f 1222 1218 1223
f 1218 1219 1223
f 1223 1219 1224
f 1219 1180 1224
f 1224 1180 1173
f 1172 1220 1179
f 1220 1221 1179
f 1179 1221 1178
f 1221 1222 1178
f 1178 1222 1177
f 1222 1223 1177
f 1177 1223 1176
f 1223 1224 1176
f 1176 1224 1175
f 1224 1173 1175
f 1175 1173 1174
f 1387 1385 1386
f 1385 1388 1386
f 1386 1388 1384
f 1388 1389 1384
f 1384 1389 1383
f 1389 1390 1383
f 1383 1390 1382
f 1390 1391 1382
f 1382 1391 1381
f 1391 1392 1381
f 1381 1392 1380
f 1392 1379 1380
f 1385 1372 1388
f 1372 1373 1388
f 1388 1373 1389
f 1373 1374 1389
f 1389 1374 1390
f 1374 1375 1390
f 1390 1375 1391
f 1375 1376 1391
f 1391 1376 1392
f 1376 1377 1392
f 1392 1377 1379
f 1377 1378 1379
f 1172 1120 1170
f 1120 1119 1170
f 1170 1119 1171
f 1171 1119 1168
f 1119 1127 1168
f 1168 1127 1169
f 1169 1127 1166
f 1127 1128 1166
f 1166 1128 1167
f 1167 1128 1164
f 1128 1129 1164
f 1164 1129 1165
f 1165 1129 1162
f 1129 1130 1162
f 1162 1130 1163
f 1163 1130 1161
f 1130 1116 1161
f 1161 1116 1118
f 1331 1378 1377
f 1331 1377 1332
f 1377 1376 1332
f 1332 1376 1333
f 1376 1375 1333
f 1333 1375 1334
f 1375 1374 1334
f 1334 1374 1335
f 1374 1373 1335
f 1335 1373 1336
f 1373 1372 1336
f 1336 1372 1283
f 1098 1097 1131
f 1097 1096 1132
f 1096 1095 1133
f 1095 1094 1134
f 1094 1093 1135
f 1093 1079 1100
f 1093 1100 1135
f 1100 1101 1135
f 1135 1101 1136
f 1101 1103 1136
f 1103 1104 1136
f 1136 1104 1137
f 1104 1106 1137
f 1137 1106 1138
f 1106 1107 1138
f 1107 1108 1138
f 1138 1108 1139
f 1108 1110 1139
f 1110 1111 1139
f 1111 1113 1139
f 1139 1113 1140
f 1113 1114 1140
f 1114 1116 1140
f 1140 1116 1130
f 1094 1135 1134
f 1135 1136 1134
f 1134 1136 1141
f 1136 1137 1141
f 1141 1137 1142
f 1137 1138 1142
f 1142 1138 1143
f 1138 1139 1143
f 1143 1139 1144
f 1139 1140 1144
f 1144 1140 1145
f 1140 1130 1145
f 1145 1130 1129
f 1095 1134 1133
f 1134 1141 1133
f 1133 1141 1146
f 1141 1142 1146
f 1146 1142 1147
f 1142 1143 1147
f 1147 1143 1148
f 1143 1144 1148
f 1148 1144 1149
f 1144 1145 1149
f 1149 1145 1150
f 1145 1129 1150
f 1150 1129 1128
f 1096 1133 1132
f 1133 1146 1132
f 1132 1146 1151
f 1146 1147 1151
f 1151 1147 1152
f 1147 1148 1152
f 1152 1148 1153
f 1148 1149 1153
f 1153 1149 1154
f 1149 1150 1154
f 1154 1150 1155
f 1150 1128 1155
f 1155 1128 1127
f 1097 1132 1131
f 1132 1151 1131
f 1131 1151 1156
f 1151 1152 1156
f 1156 1152 1157
f 1152 1153 1157
f 1157 1153 1158
f 1153 1154 1158
f 1158 1154 1159
f 1154 1155 1159
f 1159 1155 1160
f 1155 1127 1160
f 1160 1127 1119
f 1098 1131 1126
f 1131 1156 1126
f 1126 1156 1125
f 1156 1157 1125
f 1125 1157 1124
f 1157 1158 1124
f 1124 1158 1123
f 1158 1159 1123
f 1123 1159 1122
f 1159 1160 1122
f 1122 1160 1121
f 1160 1119 1121
f 1121 1119 1120
f 1331 1332 1337
f 1332 1333 1338
f 1334 1335 1339
f 1336 1283 1286
f 1336 1286 1340
f 1286 1288 1340
f 1340 1288 1341
f 1288 1290 1341
f 1341 1290 1342
f 1290 1292 1342
f 1342 1292 1343
f 1292 1294 1343
f 1343 1294 1344
f 1294 1296 1344
f 1344 1296 1345
f 1296 1298 1345
f 1345 1298 1346
f 1298 1080 1092
f 1298 1092 1346
f 1092 1081 1346
f 1346 1081 1082
f 1082 1347 1346
f 1347 1348 1346
f 1346 1348 1345
f 1348 1349 1345
f 1345 1349 1344
f 1349 1350 1344
f 1344 1350 1343
f 1350 1351 1343
f 1343 1351 1342
f 1351 1352 1342
f 1342 1352 1341
f 1352 1339 1341
f 1341 1339 1340
f 1339 1335 1340
f 1340 1335 1336
f 1334 1339 1353
f 1339 1352 1353
f 1353 1352 1354
f 1352 1351 1354
f 1354 1351 1355
f 1351 1350 1355
f 1355 1350 1356
f 1350 1349 1356
f 1356 1349 1357
f 1349 1348 1357
f 1357 1348 1358
f 1348 1347 1358
f 1358 1347 1359
f 1082 1084 1347
f 1084 1083 1347
f 1347 1083 1359
f 1083 1085 1359
f 1359 1085 1086
f 1086 1360 1359
f 1360 1361 1359
f 1359 1361 1358
f 1361 1362 1358
f 1358 1362 1357
f 1362 1363 1357
f 1357 1363 1356
f 1363 1364 1356
f 1356 1364 1355
f 1364 1365 1355
f 1355 1365 1354
f 1365 1338 1354
f 1354 1338 1353
f 1338 1333 1353
f 1353 1333 1334
f 1332 1338 1337
f 1338 1365 1337
f 1337 1365 1366
f 1365 1364 1366
f 1366 1364 1367
f 1364 1363 1367
f 1367 1363 1368
f 1363 1362 1368
f 1368 1362 1369
f 1362 1361 1369
f 1369 1361 1370
f 1361 1360 1370
f 1370 1360 1371
f 1086 1087 1360
f 1087 1088 1360
f 1360 1088 1371
f 1088 1090 1371
f 1371 1090 1089
f 1331 1337 1330
f 1337 1366 1330
f 1330 1366 1329
f 1366 1367 1329
f 1329 1367 1328
f 1367 1368 1328
f 1328 1368 1327
f 1368 1369 1327
f 1327 1369 1326
f 1369 1370 1326
f 1326 1370 1325
f 1370 1371 1325
f 1325 1371 1324
f 1371 1089 1324
f 1324 1089 1091
f 1098 1067 1066
f 1098 1066 1097
f 1066 1069 1097
f 1097 1069 1096
f 1069 1070 1096
f 1096 1070 1095
f 1070 1071 1095
f 1095 1071 1094
f 1071 1072 1094
f 1094 1072 1093
f 1072 1035 1093
f 1093 1035 1079
f 1091 1089 1048
f 1089 1047 1048
f 1047 1089 1045
f 1089 1090 1045
f 1045 1090 1044
f 1090 1088 1044
f 1044 1088 1043
f 1088 1087 1043
f 1043 1087 1042
f 1087 1086 1042
f 1042 1086 1041
f 1086 1085 1041
f 1041 1085 1040
f 1085 1083 1040
f 1040 1083 1039
f 1083 1084 1039
f 1039 1084 1038
f 1084 1082 1038
f 1038 1082 1037
f 1082 1081 1037
f 1037 1081 1036
f 1081 1092 1036
f 1092 1080 1036
f 1036 1080 972
f 1024 1033 1026
f 1033 1073 1026
f 1026 1073 1027
f 1073 1074 1027
f 1027 1074 1028
f 1074 1075 1028
f 1028 1075 1029
f 1075 1076 1029
f 1029 1076 1030
f 1076 1077 1030
f 1030 1077 1031
f 1077 1068 1031
f 1033 1035 1073
f 1035 1072 1073
f 1073 1072 1074
f 1072 1071 1074
f 1074 1071 1075
f 1071 1070 1075
f 1075 1070 1076
f 1070 1069 1076
f 1076 1069 1077
f 1069 1066 1077
f 1077 1066 1068
f 1066 1067 1068
f 1003 1050 999
f 1050 1051 999
f 1046 1048 1047
f 1046 1047 1052
f 1053 998 1051
f 998 1000 1051
f 1051 1000 999
f 1047 1045 1052
f 1045 1044 1052
f 1052 1044 1054
f 1055 995 1053
f 995 997 1053
f 1053 997 998
f 1044 1043 1054
f 1043 1042 1054
f 1054 1042 1056
f 1057 992 1055
f 992 994 1055
f 1055 994 995
f 1042 1041 1056
f 1041 1040 1056
f 1056 1040 1058
f 1004 987 1059
f 987 989 1059
f 1059 989 1057
f 989 990 1057
f 1057 990 992
f 1050 1049 1051
f 1049 1060 1051
f 1051 1060 1053
f 1060 1061 1053
f 1053 1061 1055
f 1061 1062 1055
f 1055 1062 1057
f 1062 1063 1057
f 1057 1063 1059
f 1063 1064 1059
f 1049 1046 1060
f 1046 1052 1060
f 1060 1052 1061
f 1052 1054 1061
f 1061 1054 1062
f 1054 1056 1062
f 1062 1056 1063
f 1056 1058 1063
f 1063 1058 1064
f 1058 1065 1064
f 974 975 1004
f 1040 1039 1058
f 1039 1038 1058
f 1058 1038 1065
f 1038 1037 1065
f 1065 1037 1036
f 1004 1059 974
f 1059 1064 974
f 974 1064 973
f 1064 1065 973
f 973 1065 971
f 1065 1036 971
f 971 1036 972
f 1017 1016 1031
f 1016 1030 1031
f 1016 1013 1030
f 1013 1014 1030
f 1030 1014 1029
f 1014 1011 1029
f 1011 1012 1029
f 1029 1012 1028
f 1012 1009 1028
f 1009 1010 1028
f 1028 1010 1027
f 1010 1007 1027
f 1007 1008 1027
f 1027 1008 1026
f 983 1024 1006
f 1024 1026 1006
f 1006 1026 1005
f 1026 1008 1005
f 1002 1003 999
f 1000 996 999
f 996 1001 999
f 999 1001 1002
f 1000 998 996
f 998 997 996
f 996 997 993
f 997 995 993
f 995 994 993
f 993 994 991
f 994 992 991
f 992 990 991
f 991 990 988
f 990 989 988
f 989 987 988
f 988 987 986
f 987 1004 986
f 1004 975 986
f 986 975 976
f 1017 1015 1016
f 1015 1018 1016
f 1016 1018 1013
f 1018 1019 1013
f 1020 1011 1019
f 1011 1014 1019
f 1019 1014 1013
f 1021 1009 1020
f 1009 1012 1020
f 1020 1012 1011
f 1022 1007 1021
f 1007 1010 1021
f 1021 1010 1009
f 1023 1005 1022
f 1005 1008 1022
f 1022 1008 1007
f 982 983 1023
f 983 1006 1023
f 1023 1006 1005
f 1015 1002 1018
f 1002 1001 1018
f 1018 1001 1019
f 1001 996 1019
f 1019 996 1020
f 996 993 1020
f 1020 993 1021
f 993 991 1021
f 1021 991 1022
f 991 988 1022
f 1022 988 1023
f 988 986 1023
f 1023 986 982
f 986 976 982
f 1904 1906 1956
f 1906 1947 1956
f 1956 1947 1954
f 1947 1936 1954
f 1954 1936 1955
f 1936 1935 1955
f 1955 1935 1953
f 1935 1938 1953
f 1953 1938 1952
f 1938 1937 1952
f 1952 1937 1949
f 1937 1943 1949
f 1949 1943 1948
f 1943 1946 1948
f 1950 1944 1951
f 1944 1945 1951
f 1951 1945 1959
f 1945 1940 1959
f 1959 1940 1957
f 1940 1939 1957
f 1957 1939 1958
f 1939 1942 1958
f 1958 1942 1960
f 1942 1941 1960
f 1960 1941 1933
f 1941 1934 1933
f 1967 1990 1970
f 1990 1989 1970
f 1970 1989 1971
f 1989 1988 1971
f 1971 1988 1972
f 1988 1987 1972
f 1972 1987 1975
f 1987 1986 1975
f 1975 1986 1968
f 1986 1985 1968
f 1968 1985 1969
f 1985 1984 1969
f 1969 1984 1973
f 1984 1976 1973
f 1964 1977 1961
f 1977 1983 1961
f 1961 1983 1962
f 1983 1982 1962
f 1962 1982 1963
f 1982 1981 1963
f 1963 1981 1965
f 1981 1980 1965
f 1965 1980 1966
f 1980 1978 1966
f 1966 1978 1974
f 1978 1979 1974
f 1960 1933 1932
f 1951 1959 1929
f 1929 1959 1930
f 1959 1957 1930
f 1930 1957 1931
f 1931 1957 1932
f 1957 1958 1932
f 1932 1958 1960
f 1904 1956 1905
f 1956 1954 1905
f 1905 1954 1909
f 1954 1955 1909
f 1909 1955 1911
f 1955 1953 1911
f 1911 1953 1913
f 1953 1952 1913
f 1913 1952 1915
f 1952 1949 1915
f 1929 1928 1951
f 1928 1927 1951
f 1951 1927 1950
f 1927 1926 1950
f 1950 1926 1948
f 1926 1918 1948
f 1948 1918 1949
f 1918 1917 1949
f 1949 1917 1915
f 1950 1948 1944
f 1948 1946 1944
f 1979 1978 2036
f 1978 1980 2036
f 2036 1980 2035
f 1980 1981 2035
f 2035 1981 2032
f 1981 1982 2032
f 1990 2015 1989
f 2015 1988 1989
f 1977 2030 1983
f 2030 2033 1983
f 1983 2033 1982
f 2033 2034 1982
f 1982 2034 2032
f 1985 2024 1984
f 2024 2022 1984
f 1984 2022 1976
f 2022 2020 1976
f 1976 2020 1977
f 2020 2031 1977
f 1977 2031 2030
f 1988 2015 1987
f 2015 2029 1987
f 1987 2029 1986
f 2029 2028 1986
f 1986 2028 1985
f 2028 2026 1985
f 1985 2026 2024
f 1973 1976 1964
f 1976 1977 1964
f 1404 2043 2037
f 2023 1405 2021
f 1405 2018 2021
f 2023 2025 1405
f 2025 2027 1405
f 1405 2027 2006
f 2041 2042 1404
f 2042 2039 1404
f 1404 2039 1405
f 2039 2019 1405
f 1405 2019 2018
f 2037 2038 1404
f 2038 2040 1404
f 1404 2040 2041
f 1279 1903 1907
f 1924 1922 1280
f 1922 1923 1280
f 1923 1920 1280
f 1920 1921 1280
f 1280 1921 1925
f 1912 1914 1279
f 1914 1916 1279
f 1279 1916 1280
f 1916 1919 1280
f 1280 1919 1924
f 1907 1908 1279
f 1908 1910 1279
f 1279 1910 1912
f 1902 1884 1901
f 1884 1883 1901
f 1901 1883 1900
f 1883 1886 1900
f 1900 1886 1899
f 1886 1879 1899
f 1899 1879 1898
f 1879 1885 1898
f 1898 1885 1897
f 1885 1876 1897
f 1897 1876 1896
f 1876 1875 1896
f 1896 1875 1895
f 1875 1877 1895
f 1895 1877 1894
f 1877 1887 1894
f 1894 1887 1893
f 1887 1881 1893
f 1893 1881 1892
f 1881 1880 1892
f 1892 1880 1891
f 1880 1878 1891
f 1891 1878 1890
f 1878 1882 1890
f 1890 1882 1889
f 1882 1888 1889
f 1825 1823 1281
f 1829 1827 496
f 1827 1828 496
f 495 494 1826
f 494 496 1826
f 1826 496 1831
f 496 1828 1831
f 1825 1281 1822
f 1823 1824 1281
f 1824 1830 1281
f 1281 1830 970
f 1830 1817 970
f 970 1817 964
f 1817 963 964
f 1829 496 1821
f 496 499 1821
f 1821 499 910
f 1822 1281 1819
f 1281 1313 1819
f 1819 1313 1393
f 910 909 1821
f 909 912 1821
f 1821 912 1820
f 912 914 1820
f 1820 914 1818
f 914 923 1818
f 1818 923 1817
f 923 962 1817
f 1817 962 963
f 510 523 459
f 529 527 494
f 527 512 494
f 459 523 458
f 523 522 458
f 458 522 457
f 522 528 457
f 528 521 457
f 457 521 494
f 521 530 494
f 494 530 529
f 494 519 496
f 519 517 496
f 496 517 518
f 518 515 496
f 515 516 496
f 496 516 526
f 526 525 496
f 525 514 496
f 496 514 465
f 512 513 494
f 513 520 494
f 494 520 519
f 459 460 510
f 460 461 510
f 510 461 509
f 461 462 509
f 509 462 511
f 462 463 511
f 511 463 507
f 463 464 507
f 507 464 508
f 464 465 508
f 508 465 524
f 465 514 524
f 1317 1318 1313
f 1305 1303 1282
f 1317 1313 1315
f 1318 1319 1313
f 1319 1311 1313
f 1313 1311 1284
f 1281 1316 1301
f 1323 1321 1281
f 1321 1320 1281
f 1281 1320 1313
f 1320 1314 1313
f 1313 1314 1315
f 1311 1312 1284
f 1312 1310 1284
f 1284 1310 1285
f 1310 1309 1285
f 1285 1309 1287
f 1309 1308 1287
f 1287 1308 1289
f 1308 1307 1289
f 1289 1307 1291
f 1307 1306 1291
f 1282 1303 1281
f 1303 1304 1281
f 1281 1304 1316
f 1301 1302 1281
f 1302 1322 1281
f 1281 1322 1323
f 1305 1282 1299
f 1282 1297 1299
f 1299 1297 1300
f 1297 1295 1300
f 1300 1295 1306
f 1295 1293 1306
f 1306 1293 1291
f 961 950 960
f 950 959 960
f 959 950 958
f 950 947 958
f 958 947 953
f 2156 2155 2154
f 2137 2155 2156
f 2156 2126 2140
f 2153 2126 2156
f 2154 2153 2156
f 2156 2138 2129
f 2139 2138 2156
f 2140 2139 2156
f 2156 2151 2150
f 2152 2151 2156
f 2129 2152 2156
f 2156 2149 2148
f 2131 2149 2156
f 2150 2131 2156
f 2156 2133 2146
f 2147 2133 2156
f 2148 2147 2156
f 2156 2144 2135
f 2145 2144 2156
f 2146 2145 2156
f 2156 2142 2141
f 2143 2142 2156
f 2135 2143 2156
f 2141 2137 2156
f 2140 2126 2127
f 2129 2138 2127
f 2138 2139 2127
f 2127 2139 2140
f 2130 2131 2150
f 2150 2151 2130
f 2151 2152 2130
f 2130 2152 2129
f 2132 2133 2147
f 2147 2148 2132
f 2148 2149 2132
f 2132 2149 2131
f 2134 2135 2144
f 2144 2145 2134
f 2145 2146 2134
f 2134 2146 2133
f 2136 2137 2141
f 2141 2142 2136
f 2142 2143 2136
f 2136 2143 2135
f 2155 2137 2128
f 2126 2153 2128
f 2153 2154 2128
f 2128 2154 2155
f 2128 2124 2126
f 2124 2123 2126
f 2126 2123 2127
f 2127 2123 2129
f 2123 2121 2129
f 2129 2121 2130
f 2130 2121 2131
f 2121 2120 2131
f 2131 2120 2132
f 2132 2120 2133
f 2120 2122 2133
f 2133 2122 2134
f 2134 2122 2135
f 2122 2125 2135
f 2135 2125 2136
f 2136 2125 2137
f 2125 2124 2137
f 2137 2124 2128
f 1695 2125 1694
f 2125 1693 1694
f 1695 1696 2125
f 1696 1673 2125
f 2125 1673 2124
f 1693 2125 1692
f 2125 2122 1692
f 1692 2122 1691
f 1683 2121 1682
f 2121 2123 1682
f 1682 2123 1681
f 2123 1680 1681
f 1673 1674 2124
f 1674 1675 2124
f 2124 1675 1676
f 1676 1677 2124
f 1677 1678 2124
f 2124 1678 2123
f 1678 1679 2123
f 2123 1679 1680
f 1687 1688 2120
f 1688 1689 2120
f 2120 1689 2122
f 1689 1690 2122
f 2122 1690 1691
f 1683 1684 2121
f 1684 1685 2121
f 2121 1685 2120
f 1685 1686 2120
f 2120 1686 1687
f 1673 1697 1674
f 1697 1698 1674
f 1674 1698 1675
f 1698 1699 1675
f 1675 1699 1676
f 1699 1700 1676
f 1676 1700 1677
f 1700 1701 1677
f 1677 1701 1678
f 1701 1702 1678
f 1678 1702 1679
f 1702 1703 1679
f 1679 1703 1680
f 1703 1704 1680
f 1680 1704 1681
f 1704 1705 1681
f 1681 1705 1682
f 1705 1706 1682
f 1682 1706 1683
f 1706 1707 1683
f 1683 1707 1684
f 1707 1708 1684
f 1684 1708 1685
f 1708 1709 1685
f 1685 1709 1686
f 1709 1710 1686
f 1686 1710 1687
f 1710 1711 1687
f 1687 1711 1688
f 1711 1712 1688
f 1688 1712 1689
f 1712 1713 1689
f 1689 1713 1690
f 1713 1714 1690
f 1690 1714 1691
f 1714 1715 1691
f 1691 1715 1692
f 1715 1716 1692
f 1692 1716 1693
f 1716 1717 1693
f 1693 1717 1694
f 1717 1718 1694
f 1694 1718 1695
f 1718 1719 1695
f 1695 1719 1696
f 1719 1720 1696
f 1696 1720 1673
f 1720 1697 1673
f 1720 1721 1697
f 1721 1722 1697
f 1697 1722 1698
f 1722 1723 1698
f 1698 1723 1699
f 1723 1724 1699
f 1699 1724 1700
f 1724 1725 1700
f 1700 1725 1701
f 1725 1726 1701
f 1701 1726 1702
f 1726 1727 1702
f 1702 1727 1703
f 1727 1728 1703
f 1703 1728 1704
f 1728 1729 1704
f 1704 1729 1705
f 1729 1730 1705
f 1705 1730 1706
f 1730 1731 1706
f 1706 1731 1707
f 1731 1732 1707
f 1707 1732 1708
f 1732 1733 1708
f 1708 1733 1709
f 1733 1734 1709
f 1709 1734 1710
f 1734 1735 1710
f 1710 1735 1711
f 1735 1736 1711
f 1711 1736 1712
f 1736 1737 1712
f 1712 1737 1713
f 1737 1738 1713
f 1713 1738 1714
f 1738 1739 1714
f 1714 1739 1715
f 1739 1740 1715
f 1715 1740 1716
f 1740 1741 1716
f 1716 1741 1717
f 1741 1742 1717
f 1717 1742 1718
f 1742 1743 1718
f 1718 1743 1719
f 1743 1744 1719
f 1719 1744 1720
f 1744 1721 1720
f 1744 1745 1721
f 1745 1746 1721
f 1721 1746 1722
f 1746 1747 1722
f 1722 1747 1723
f 1747 1748 1723
f 1723 1748 1724
f 1748 1749 1724
f 1724 1749 1725
f 1749 1750 1725
f 1725 1750 1726
f 1750 1751 1726
f 1726 1751 1727
f 1751 1752 1727
f 1727 1752 1728
f 1752 1753 1728
f 1728 1753 1729
f 1753 1754 1729
f 1729 1754 1730
f 1754 1755 1730
f 1730 1755 1731
f 1755 1756 1731
f 1731 1756 1732
f 1756 1757 1732
f 1732 1757 1733
f 1757 1758 1733
f 1733 1758 1734
f 1758 1759 1734
f 1734 1759 1735
f 1759 1760 1735
f 1735 1760 1736
f 1760 1761 1736
f 1736 1761 1737
f 1761 1762 1737
f 1737 1762 1738
f 1762 1763 1738
f 1738 1763 1739
f 1763 1764 1739
f 1739 1764 1740
f 1764 1765 1740
f 1740 1765 1741
f 1765 1766 1741
f 1741 1766 1742
f 1766 1767 1742
f 1742 1767 1743
f 1767 1768 1743
f 1743 1768 1744
f 1768 1745 1744
f 1768 1769 1745
f 1769 1770 1745
f 1745 1770 1746
f 1770 1771 1746
f 1746 1771 1747
f 1771 1772 1747
f 1747 1772 1748
f 1772 1773 1748
f 1748 1773 1749
f 1773 1774 1749
f 1749 1774 1750
f 1774 1775 1750
f 1750 1775 1751
f 1775 1776 1751
f 1751 1776 1752
f 1776 1777 1752
f 1752 1777 1753
f 1777 1778 1753
f 1753 1778 1754
f 1778 1779 1754
f 1754 1779 1755
f 1779 1780 1755
f 1755 1780 1756
f 1780 1781 1756
f 1756 1781 1757
f 1781 1782 1757
f 1757 1782 1758
f 1782 1783 1758
f 1758 1783 1759
f 1783 1784 1759
f 1759 1784 1760
f 1784 1785 1760
f 1760 1785 1761
f 1785 1786 1761
f 1761 1786 1762
f 1786 1787 1762
f 1762 1787 1763
f 1787 1788 1763
f 1763 1788 1764
f 1788 1789 1764
f 1764 1789 1765
f 1789 1790 1765
f 1765 1790 1766
f 1790 1791 1766
f 1766 1791 1767
f 1791 1792 1767
f 1767 1792 1768
f 1792 1769 1768
f 1792 1793 1769
f 1793 1794 1769
f 1769 1794 1770
f 1794 1795 1770
f 1770 1795 1771
f 1795 1796 1771
f 1771 1796 1772
f 1796 1797 1772
f 1772 1797 1773
f 1797 1798 1773
f 1773 1798 1774
f 1798 1799 1774
f 1774 1799 1775
f 1799 1800 1775
f 1775 1800 1776
f 1800 1801 1776
f 1776 1801 1777
f 1801 1802 1777
f 1777 1802 1778
f 1802 1803 1778
f 1778 1803 1779
f 1803 1804 1779
f 1779 1804 1780
f 1804 1805 1780
f 1780 1805 1781
f 1805 1806 1781
f 1781 1806 1782
f 1806 1807 1782
f 1782 1807 1783
f 1807 1808 1783
f 1783 1808 1784
f 1808 1809 1784
f 1784 1809 1785
f 1809 1810 1785
f 1785 1810 1786
f 1810 1811 1786
f 1786 1811 1787
f 1811 1812 1787
f 1787 1812 1788
f 1812 1813 1788
f 1788 1813 1789
f 1813 1814 1789
f 1789 1814 1790
f 1814 1815 1790
f 1790 1815 1791
f 1815 1816 1791
f 1791 1816 1792
f 1816 1793 1792
f 1816 1650 1793
f 1650 1651 1793
f 1793 1651 1794
f 1651 1652 1794
f 1794 1652 1795
f 1652 1653 1795
f 1795 1653 1796
f 1653 1654 1796
f 1796 1654 1797
f 1654 1655 1797
f 1797 1655 1798
f 1655 1656 1798
f 1798 1656 1799
f 1656 1657 1799
f 1799 1657 1800
f 1657 1658 1800
f 1800 1658 1801
f 1658 1659 1801
f 1801 1659 1802
f 1659 1660 1802
f 1802 1660 1803
f 1660 1661 1803
f 1803 1661 1804
f 1661 1662 1804
f 1804 1662 1805
f 1662 1663 1805
f 1805 1663 1806
f 1663 1664 1806
f 1806 1664 1807
f 1664 1665 1807
f 1807 1665 1808
f 1665 1666 1808
f 1808 1666 1809
f 1666 1667 1809
f 1809 1667 1810
f 1667 1668 1810
f 1810 1668 1811
f 1668 1669 1811
f 1811 1669 1812
f 1669 1670 1812
f 1812 1670 1813
f 1670 1671 1813
f 1813 1671 1814
f 1671 1672 1814
f 1814 1672 1815
f 1672 1649 1815
f 1815 1649 1816
f 1649 1650 1816
f 1649 1632 1650
f 1632 1631 1650
f 1650 1631 1651
f 1631 1630 1651
f 1651 1630 1652
f 1630 1629 1652
f 1652 1629 1653
f 1629 1628 1653
f 1653 1628 1654
f 1628 1627 1654
f 1654 1627 1655
f 1627 1626 1655
f 1655 1626 1656
f 1626 1625 1656
f 1656 1625 1657
f 1625 1636 1657
f 1657 1636 1658
f 1636 1635 1658
f 1658 1635 1659
f 1635 1645 1659
f 1659 1645 1660
f 1645 1643 1660
f 1660 1643 1661
f 1643 1641 1661
f 1661 1641 1662
f 1641 1640 1662
f 1662 1640 1663
f 1640 1648 1663
f 1663 1648 1664
f 1648 1647 1664
f 1664 1647 1665
f 1647 1646 1665
f 1665 1646 1666
f 1646 1644 1666
f 1666 1644 1667
f 1644 1642 1667
f 1667 1642 1668
f 1642 1639 1668
f 1668 1639 1669
f 1639 1634 1669
f 1669 1634 1670
f 1634 1633 1670
f 1670 1633 1671
f 1633 1638 1671
f 1671 1638 1672
f 1638 1637 1672
f 1672 1637 1649
f 1637 1632 1649
f 2168 2164 2165
f 2164 2163 2165
f 2165 2163 2166
f 2163 2167 2166
f 2167 2163 2157
f 2163 2158 2157
f 2157 2160 2167
f 2160 2166 2167
f 2166 2160 2165
f 2160 2161 2165
f 2162 2168 2161
f 2168 2165 2161
f 2162 2159 2168
f 2159 2164 2168
f 2158 2163 2159
f 2163 2164 2159
f 774 775 2157
f 781 782 2161
f 782 783 2161
f 2161 783 784
f 784 785 2161
f 785 786 2161
f 2161 786 2162
f 786 787 2162
f 2162 787 788
f 781 2161 780
f 2161 2160 780
f 780 2160 779
f 775 776 2157
f 776 777 2157
f 2157 777 2160
f 777 778 2160
f 2160 778 779
f 788 765 2162
f 765 766 2162
f 2162 766 2159
f 766 767 2159
f 2159 767 768
f 768 769 2159
f 769 770 2159
f 2159 770 2158
f 770 771 2158
f 771 772 2158
f 2158 772 2157
f 772 773 2157
f 2157 773 774
f 744 741 789
f 742 739 790
f 740 737 791
f 738 735 792
f 736 733 793
f 734 731 794
f 732 729 795
f 730 727 796
f 728 725 797
f 726 723 798
f 724 721 799
f 722 719 800
f 720 717 801
f 718 763 802
f 764 761 803
f 762 759 804
f 760 757 805
f 758 755 806
f 756 753 807
f 754 751 808
f 752 749 809
f 750 747 810
f 748 745 811
f 746 743 812
f 765 788 813
f 788 814 813
f 813 814 815
f 814 816 815
f 815 816 817
f 816 818 817
f 817 818 819
f 818 820 819
f 819 820 812
f 820 811 812
f 812 811 746
f 811 745 746
f 788 787 814
f 787 821 814
f 814 821 816
f 821 822 816
f 816 822 818
f 822 823 818
f 818 823 820
f 823 824 820
f 820 824 811
f 824 810 811
f 811 810 748
f 810 747 748
f 787 786 821
f 786 825 821
f 821 825 822
f 825 826 822
f 822 826 823
f 826 827 823
f 823 827 824
f 827 828 824
f 824 828 810
f 828 809 810
f 810 809 750
f 809 749 750
f 786 785 825
f 785 829 825
f 825 829 826
f 829 830 826
f 826 830 827
f 830 831 827
f 827 831 828
f 831 832 828
f 828 832 809
f 832 808 809
f 809 808 752
f 808 751 752
f 785 784 829
f 784 833 829
f 829 833 830
f 833 834 830
f 830 834 831
f 834 835 831
f 831 835 832
f 835 836 832
f 832 836 808
f 836 807 808
f 808 807 754
f 807 753 754
f 784 783 833
f 783 837 833
f 833 837 834
f 837 838 834
f 834 838 835
f 838 839 835
f 835 839 836
f 839 840 836
f 836 840 807
f 840 806 807
f 807 806 756
f 806 755 756
f 783 782 837
f 782 841 837
f 837 841 838
f 841 842 838
f 838 842 839
f 842 843 839
f 839 843 840
f 843 844 840
f 840 844 806
f 844 805 806
f 806 805 758
f 805 757 758
f 782 781 841
f 781 845 841
f 841 845 842
f 845 846 842
f 842 846 843
f 846 847 843
f 843 847 844
f 847 848 844
f 844 848 805
f 848 804 805
f 805 804 760
f 804 759 760
f 781 780 845
f 780 849 845
f 845 849 846
f 849 850 846
f 846 850 847
f 850 851 847
f 847 851 848
f 851 852 848
f 848 852 804
f 852 803 804
f 804 803 762
f 803 761 762
f 780 779 849
f 779 853 849
f 849 853 850
f 853 854 850
f 850 854 851
f 854 855 851
f 851 855 852
f 855 856 852
f 852 856 803
f 856 802 803
f 803 802 764
f 802 763 764
f 779 778 853
f 778 857 853
f 853 857 854
f 857 858 854
f 854 858 855
f 858 859 855
f 855 859 856
f 859 860 856
f 856 860 802
f 860 801 802
f 802 801 718
f 801 717 718
f 778 777 857
f 777 861 857
f 857 861 858
f 861 862 858
f 858 862 859
f 862 863 859
f 859 863 860
f 863 864 860
f 860 864 801
f 864 800 801
f 801 800 720
f 800 719 720
f 777 776 861
f 776 865 861
f 861 865 862
f 865 866 862
f 862 866 863
f 866 867 863
f 863 867 864
f 867 868 864
f 864 868 800
f 868 799 800
f 800 799 722
f 799 721 722
f 776 775 865
f 775 869 865
f 865 869 866
f 869 870 866
f 866 870 867
f 870 871 867
f 867 871 868
f 871 872 868
f 868 872 799
f 872 798 799
f 799 798 724
f 798 723 724
f 775 774 869
f 774 873 869
f 869 873 870
f 873 874 870
f 870 874 871
f 874 875 871
f 871 875 872
f 875 876 872
f 872 876 798
f 876 797 798
f 798 797 726
f 797 725 726
f 774 773 873
f 773 877 873
f 873 877 874
f 877 878 874
f 874 878 875
f 878 879 875
f 875 879 876
f 879 880 876
f 876 880 797
f 880 796 797
f 797 796 728
f 796 727 728
f 773 772 877
f 772 881 877
f 877 881 878
f 881 882 878
f 878 882 879
f 882 883 879
f 879 883 880
f 883 884 880
f 880 884 796
f 884 795 796
f 796 795 730
f 795 729 730
f 772 771 881
f 771 885 881
f 881 885 882
f 885 886 882
f 882 886 883
f 886 887 883
f 883 887 884
f 887 888 884
f 884 888 795
f 888 794 795
f 795 794 732
f 794 731 732
f 771 770 885
f 770 889 885
f 885 889 886
f 889 890 886
f 886 890 887
f 890 891 887
f 887 891 888
f 891 892 888
f 888 892 794
f 892 793 794
f 794 793 734
f 793 733 734
f 770 769 889
f 769 893 889
f 889 893 890
f 893 894 890
f 890 894 891
f 894 895 891
f 891 895 892
f 895 896 892
f 892 896 793
f 896 792 793
f 793 792 736
f 792 735 736
f 769 768 893
f 768 897 893
f 893 897 894
f 897 898 894
f 894 898 895
f 898 899 895
f 895 899 896
f 899 900 896
f 896 900 792
f 900 791 792
f 792 791 738
f 791 737 738
f 768 767 897
f 767 901 897
f 897 901 898
f 901 902 898
f 898 902 899
f 902 903 899
f 899 903 900
f 903 904 900
f 900 904 791
f 904 790 791
f 791 790 740
f 790 739 740
f 767 766 901
f 766 905 901
f 901 905 902
f 905 906 902
f 902 906 903
f 906 907 903
f 903 907 904
f 907 908 904
f 904 908 790
f 908 789 790
f 790 789 742
f 789 741 742
f 766 765 905
f 765 813 905
f 905 813 906
f 813 815 906
f 906 815 907
f 815 817 907
f 907 817 908
f 817 819 908
f 908 819 789
f 819 812 789
f 789 812 744
f 812 743 744
f 763 711 710
f 707 761 710
f 761 764 710
f 710 764 763
f 706 759 707
f 759 762 707
f 707 762 761
f 705 757 706
f 757 760 706
f 706 760 759
f 702 755 705
f 755 758 705
f 705 758 757
f 701 753 702
f 753 756 702
f 702 756 755
f 700 751 701
f 751 754 701
f 701 754 753
f 699 749 700
f 749 752 700
f 700 752 751
f 709 747 699
f 747 750 699
f 699 750 749
f 708 745 709
f 745 748 709
f 709 748 747
f 704 743 708
f 743 746 708
f 708 746 745
f 698 741 704
f 741 744 704
f 704 744 743
f 697 739 698
f 739 742 698
f 698 742 741
f 696 737 697
f 737 740 697
f 697 740 739
f 693 735 696
f 735 738 696
f 696 738 737
f 692 733 693
f 733 736 693
f 693 736 735
f 695 731 692
f 731 734 692
f 692 734 733
f 694 729 695
f 729 732 695
f 695 732 731
f 703 727 694
f 727 730 694
f 694 730 729
f 715 725 703
f 725 728 703
f 703 728 727
f 714 723 715
f 723 726 715
f 715 726 725
f 713 721 714
f 721 724 714
f 714 724 723
f 763 718 711
f 718 717 711
f 711 717 712
f 717 720 712
f 712 720 716
f 720 719 716
f 716 719 713
f 719 722 713
f 713 722 721
